-- phpMyAdmin SQL Dump
-- version 5.2.1
-- https://www.phpmyadmin.net/
--
-- Servidor: localhost:3306
-- Tiempo de generación: 27-11-2023 a las 20:38:06
-- Versión del servidor: 8.0.30
-- Versión de PHP: 7.4.19

SET SQL_MODE = "NO_AUTO_VALUE_ON_ZERO";
START TRANSACTION;
SET time_zone = "+00:00";


/*!40101 SET @OLD_CHARACTER_SET_CLIENT=@@CHARACTER_SET_CLIENT */;
/*!40101 SET @OLD_CHARACTER_SET_RESULTS=@@CHARACTER_SET_RESULTS */;
/*!40101 SET @OLD_COLLATION_CONNECTION=@@COLLATION_CONNECTION */;
/*!40101 SET NAMES utf8mb4 */;

--
-- Base de datos: `seocamrfid_db`
--

-- --------------------------------------------------------

--
-- Estructura de tabla para la tabla `datos_usuarios`
--

CREATE TABLE `datos_usuarios` (
  `id` bigint UNSIGNED NOT NULL,
  `nombre` varchar(155) CHARACTER SET utf8mb4 COLLATE utf8mb4_unicode_ci NOT NULL,
  `paterno` varchar(155) CHARACTER SET utf8mb4 COLLATE utf8mb4_unicode_ci NOT NULL,
  `materno` varchar(155) CHARACTER SET utf8mb4 COLLATE utf8mb4_unicode_ci NOT NULL,
  `ci` varchar(155) CHARACTER SET utf8mb4 COLLATE utf8mb4_unicode_ci NOT NULL,
  `ci_exp` varchar(155) CHARACTER SET utf8mb4 COLLATE utf8mb4_unicode_ci NOT NULL,
  `dir` varchar(155) CHARACTER SET utf8mb4 COLLATE utf8mb4_unicode_ci NOT NULL,
  `email` varchar(155) CHARACTER SET utf8mb4 COLLATE utf8mb4_unicode_ci DEFAULT NULL,
  `fono` varchar(155) CHARACTER SET utf8mb4 COLLATE utf8mb4_unicode_ci NOT NULL,
  `cel` varchar(155) CHARACTER SET utf8mb4 COLLATE utf8mb4_unicode_ci NOT NULL,
  `habilitado` int DEFAULT NULL,
  `fecha_registro` date NOT NULL,
  `user_id` bigint UNSIGNED NOT NULL,
  `created_at` timestamp NULL DEFAULT NULL,
  `updated_at` timestamp NULL DEFAULT NULL
) ENGINE=InnoDB DEFAULT CHARSET=utf8mb4 COLLATE=utf8mb4_unicode_ci;

--
-- Volcado de datos para la tabla `datos_usuarios`
--

INSERT INTO `datos_usuarios` (`id`, `nombre`, `paterno`, `materno`, `ci`, `ci_exp`, `dir`, `email`, `fono`, `cel`, `habilitado`, `fecha_registro`, `user_id`, `created_at`, `updated_at`) VALUES
(1, 'JUAN', 'PERES', '', '123', 'LP', 'ZONA LOS OLIVOS CALLE 3 #333', 'JUAN@GMAIL.COM', '21314568', '78945612', 1, '2021-08-04', 2, '2021-08-04 20:15:50', '2023-07-10 16:37:44'),
(2, 'MARIO', 'CASTRO', '', '1234', 'LP', 'ZONA LOS OLIVOS CALLE 3 #333', '', '21314568', '78945612', 1, '2021-08-04', 3, '2021-08-04 20:16:06', '2023-07-10 16:37:50'),
(3, 'MARIA', 'MAMANI', '', '123456', 'SC', 'ZONA LOS OLIVOS CALLE 3 #333', '', '21314568', '78945612', 0, '2021-08-04', 4, '2021-08-04 20:16:20', '2023-07-10 16:38:00'),
(4, 'SANTIAGO', 'CONDORI', 'MAMANI', '5555', 'CB', 'LOS OLIVOS', 'SANTIAGO@GMAIL.COM', '2222222', '77777777', 1, '2023-07-10', 6, '2023-07-10 16:38:47', '2023-07-10 16:38:47'),
(5, 'DANIEL', 'SANDOVAL', '', '6666', 'CB', 'LOS OLIVOS', 'DANIEL@GMAIL.COM', '2222222', '77777777', 0, '2023-07-10', 7, '2023-07-10 16:39:32', '2023-07-10 16:39:32'),
(6, 'JOSE', 'LOPEZ', 'VELASQUEZ', '4930858', 'LP', 'COTA COTA CALLE 36', 'RICLOXD7@GMAIL.COM', '2799209', '67002230', 1, '2023-11-01', 8, '2023-11-02 00:50:34', '2023-11-02 00:50:34'),
(7, 'PAZ FELI', 'CASAS', 'SANTALLA', '2244668', 'LP', 'CEMENTERIO #23', 'PAZFELI@GMAIL.COM', '7123456', '79988776', 1, '2023-11-01', 9, '2023-11-02 00:56:15', '2023-11-02 00:56:15'),
(8, 'JULIO', 'ROJAS', 'CASAS', '9876543', 'LP', 'EL ALTO CALLE PASANKERI', 'JULYROJAS@GMAIL.COM', '762547', '77651232', 1, '2023-11-01', 10, '2023-11-02 01:00:48', '2023-11-02 01:00:48');

-- --------------------------------------------------------

--
-- Estructura de tabla para la tabla `herramientas`
--

CREATE TABLE `herramientas` (
  `id` bigint UNSIGNED NOT NULL,
  `nombre` varchar(155) CHARACTER SET utf8mb4 COLLATE utf8mb4_unicode_ci NOT NULL,
  `rfid` varchar(255) CHARACTER SET utf8mb4 COLLATE utf8mb4_unicode_ci NOT NULL,
  `descripcion` varchar(155) CHARACTER SET utf8mb4 COLLATE utf8mb4_unicode_ci DEFAULT NULL,
  `estado` varchar(155) CHARACTER SET utf8mb4 COLLATE utf8mb4_unicode_ci NOT NULL,
  `foto` varchar(255) CHARACTER SET utf8mb4 COLLATE utf8mb4_unicode_ci DEFAULT NULL,
  `fecha_registro` date NOT NULL,
  `created_at` timestamp NULL DEFAULT NULL,
  `updated_at` timestamp NULL DEFAULT NULL
) ENGINE=InnoDB DEFAULT CHARSET=utf8mb4 COLLATE=utf8mb4_unicode_ci;

--
-- Volcado de datos para la tabla `herramientas`
--

INSERT INTO `herramientas` (`id`, `nombre`, `rfid`, `descripcion`, `estado`, `foto`, `fecha_registro`, `created_at`, `updated_at`) VALUES
(1, 'HERRAMIENTA 1', '111', '', 'INGRESO', '11689114439.jpg', '2021-08-04', '2021-08-04 20:18:43', '2023-07-11 22:27:19'),
(2, 'HERRAMIENTA 2', '0168180083', '', 'INGRESO', NULL, '2021-08-04', '2021-08-04 20:23:24', '2023-11-02 15:41:37'),
(3, 'HERRAMIENTA #3', '0168180083', 'DESC', 'INGRESO', '31689114466.png', '2023-07-11', '2023-07-11 22:27:38', '2023-11-02 14:46:52'),
(4, 'PALA', '0168180083', 'PALA DE 1 METRO', 'INGRESO', NULL, '2023-11-02', '2023-11-02 14:13:34', '2023-11-02 14:15:03'),
(7, 'HERRAMIENTA #4', '7878', '', 'INGRESO', NULL, '2023-11-07', '2023-11-08 03:09:43', '2023-11-08 03:09:43'),
(8, 'HERRAMIENTA #5', '9898', '', 'INGRESO', NULL, '2023-11-07', '2023-11-08 03:11:38', '2023-11-08 03:11:38'),
(10, 'NUEVA HERRAMINETA #3', '0000', '', 'INGRESO', NULL, '2023-11-27', '2023-11-27 20:00:39', '2023-11-27 20:02:09');

-- --------------------------------------------------------

--
-- Estructura de tabla para la tabla `ingreso_salidas`
--

CREATE TABLE `ingreso_salidas` (
  `id` bigint UNSIGNED NOT NULL,
  `obra_id` bigint UNSIGNED NOT NULL,
  `mo_id` bigint UNSIGNED NOT NULL,
  `cantidad` double(8,2) NOT NULL,
  `tipo` varchar(155) CHARACTER SET utf8mb4 COLLATE utf8mb4_unicode_ci NOT NULL,
  `fecha_registro` date NOT NULL,
  `estado` int NOT NULL,
  `created_at` timestamp NULL DEFAULT NULL,
  `updated_at` timestamp NULL DEFAULT NULL
) ENGINE=InnoDB DEFAULT CHARSET=utf8mb4 COLLATE=utf8mb4_unicode_ci;

--
-- Volcado de datos para la tabla `ingreso_salidas`
--

INSERT INTO `ingreso_salidas` (`id`, `obra_id`, `mo_id`, `cantidad`, `tipo`, `fecha_registro`, `estado`, `created_at`, `updated_at`) VALUES
(17, 1, 11, 10.00, 'INGRESO', '2023-07-12', 1, '2023-07-12 21:48:07', '2023-07-12 21:48:07'),
(18, 1, 12, 20.00, 'INGRESO', '2023-07-12', 1, '2023-07-12 21:48:19', '2023-07-12 21:48:19'),
(19, 1, 11, 10.00, 'SALIDA', '2023-07-12', 1, '2023-07-13 03:50:16', '2023-07-13 03:50:16'),
(20, 2, 13, 30.00, 'INGRESO', '2023-07-20', 1, '2023-07-20 16:04:40', '2023-07-20 16:04:40'),
(21, 2, 13, 30.00, 'SALIDA', '2023-07-20', 1, '2023-07-20 16:06:07', '2023-07-20 16:06:07'),
(22, 1, 12, 20.00, 'SALIDA', '2023-11-01', 1, '2023-11-02 01:03:52', '2023-11-02 01:03:52'),
(23, 1, 11, 10.00, 'INGRESO', '2023-11-01', 1, '2023-11-02 01:11:16', '2023-11-02 01:11:16'),
(24, 1, 12, 1000.00, 'INGRESO', '2023-11-01', 1, '2023-11-02 01:11:16', '2023-11-02 01:11:16'),
(25, 1, 14, 1000.00, 'INGRESO', '2023-11-01', 1, '2023-11-02 01:11:17', '2023-11-02 01:11:17'),
(26, 1, 15, 100.00, 'INGRESO', '2023-11-01', 1, '2023-11-02 01:11:17', '2023-11-02 01:11:17'),
(27, 1, 11, 1000.00, 'INGRESO', '2023-11-01', 1, '2023-11-02 01:14:11', '2023-11-02 01:14:11'),
(28, 6, 16, 1000.00, 'INGRESO', '2023-11-01', 1, '2023-11-02 01:25:16', '2023-11-02 01:25:16'),
(29, 6, 17, 1000.00, 'INGRESO', '2023-11-01', 1, '2023-11-02 01:25:16', '2023-11-02 01:25:16'),
(30, 6, 18, 1000.00, 'INGRESO', '2023-11-01', 1, '2023-11-02 01:25:16', '2023-11-02 01:25:16'),
(31, 6, 19, 50.00, 'INGRESO', '2023-11-01', 1, '2023-11-02 01:25:16', '2023-11-02 01:25:16'),
(32, 6, 19, 40.00, 'SALIDA', '2023-11-01', 1, '2023-11-02 01:28:39', '2023-11-02 01:28:39'),
(33, 6, 16, 100.00, 'SALIDA', '2023-11-01', 1, '2023-11-02 02:16:37', '2023-11-02 02:16:37'),
(34, 7, 20, 500.00, 'INGRESO', '2023-11-02', 1, '2023-11-02 14:19:35', '2023-11-02 14:19:35'),
(35, 7, 21, 1000.00, 'INGRESO', '2023-11-02', 1, '2023-11-02 14:19:54', '2023-11-02 14:19:54'),
(36, 7, 22, 500.00, 'INGRESO', '2023-11-02', 1, '2023-11-02 14:19:54', '2023-11-02 14:19:54'),
(37, 7, 20, 10.00, 'SALIDA', '2023-11-02', 1, '2023-11-02 14:20:52', '2023-11-02 14:20:52'),
(38, 7, 21, 1000.00, 'SALIDA', '2023-11-02', 1, '2023-11-02 14:20:52', '2023-11-02 14:20:52'),
(39, 7, 22, 300.00, 'SALIDA', '2023-11-02', 1, '2023-11-02 14:20:53', '2023-11-02 14:20:53'),
(40, 7, 21, 2000.00, 'INGRESO', '2023-11-02', 1, '2023-11-02 14:24:58', '2023-11-02 14:24:58'),
(41, 7, 21, 100.00, 'SALIDA', '2023-11-02', 1, '2023-11-02 14:26:03', '2023-11-02 14:26:03'),
(42, 1, 15, 100.00, 'SALIDA', '2023-11-27', 1, '2023-11-27 20:20:22', '2023-11-27 20:20:22'),
(43, 6, 19, 1.00, 'SALIDA', '2023-11-27', 1, '2023-11-27 20:24:26', '2023-11-27 20:24:26');

-- --------------------------------------------------------

--
-- Estructura de tabla para la tabla `materials`
--

CREATE TABLE `materials` (
  `id` bigint UNSIGNED NOT NULL,
  `nombre` varchar(255) CHARACTER SET utf8mb4 COLLATE utf8mb4_unicode_ci NOT NULL,
  `stock_minimo` double(8,2) NOT NULL,
  `descripcion` varchar(255) CHARACTER SET utf8mb4 COLLATE utf8mb4_unicode_ci DEFAULT NULL,
  `fecha_registro` date NOT NULL,
  `created_at` timestamp NULL DEFAULT NULL,
  `updated_at` timestamp NULL DEFAULT NULL
) ENGINE=InnoDB DEFAULT CHARSET=utf8mb4 COLLATE=utf8mb4_unicode_ci;

--
-- Volcado de datos para la tabla `materials`
--

INSERT INTO `materials` (`id`, `nombre`, `stock_minimo`, `descripcion`, `fecha_registro`, `created_at`, `updated_at`) VALUES
(1, 'MATERIAL 1', 10.00, '', '2021-08-04', '2021-08-04 20:16:42', '2021-08-04 20:16:42'),
(2, 'MATERIAL 2', 5.00, '', '2021-08-04', '2021-08-04 20:16:47', '2021-08-04 20:16:47'),
(3, 'MATERIAL 3', 20.00, '', '2021-08-04', '2021-08-04 20:16:51', '2021-08-04 20:16:51'),
(4, 'ESTUCO BOLSA SIMPLE', 10.00, 'BOLSA DE ESTUCO PARA MEZCLA', '2023-11-01', '2023-11-02 00:54:55', '2023-11-02 00:54:55');

-- --------------------------------------------------------

--
-- Estructura de tabla para la tabla `material_obras`
--

CREATE TABLE `material_obras` (
  `id` bigint UNSIGNED NOT NULL,
  `material_id` bigint UNSIGNED NOT NULL,
  `stock_minimo` double(8,2) NOT NULL,
  `stock_actual` double(8,2) NOT NULL,
  `estado_stock` varchar(155) CHARACTER SET utf8mb4 COLLATE utf8mb4_unicode_ci NOT NULL,
  `obra_id` bigint UNSIGNED NOT NULL,
  `fecha_registro` date NOT NULL,
  `estado` int NOT NULL,
  `created_at` timestamp NULL DEFAULT NULL,
  `updated_at` timestamp NULL DEFAULT NULL
) ENGINE=InnoDB DEFAULT CHARSET=utf8mb4 COLLATE=utf8mb4_unicode_ci;

--
-- Volcado de datos para la tabla `material_obras`
--

INSERT INTO `material_obras` (`id`, `material_id`, `stock_minimo`, `stock_actual`, `estado_stock`, `obra_id`, `fecha_registro`, `estado`, `created_at`, `updated_at`) VALUES
(11, 1, 10.00, 1010.00, 'NORMAL', 1, '2023-07-12', 1, '2023-07-12 21:48:07', '2023-11-27 20:19:56'),
(12, 2, 5.00, 1000.00, 'NORMAL', 1, '2023-07-12', 1, '2023-07-12 21:48:19', '2023-11-27 20:19:56'),
(13, 1, 10.00, 0.00, 'BAJO', 2, '2023-07-20', 1, '2023-07-20 16:04:40', '2023-07-20 16:06:07'),
(14, 3, 20.00, 1000.00, 'NORMAL', 1, '2023-11-01', 1, '2023-11-02 01:11:17', '2023-11-02 01:11:17'),
(15, 4, 10.00, 0.00, 'BAJO', 1, '2023-11-01', 1, '2023-11-02 01:11:17', '2023-11-27 20:22:03'),
(16, 1, 10.00, 900.00, 'NORMAL', 6, '2023-11-01', 1, '2023-11-02 01:25:16', '2023-11-02 02:16:37'),
(17, 2, 5.00, 1000.00, 'NORMAL', 6, '2023-11-01', 1, '2023-11-02 01:25:16', '2023-11-02 01:25:16'),
(18, 3, 20.00, 1000.00, 'NORMAL', 6, '2023-11-01', 1, '2023-11-02 01:25:16', '2023-11-02 01:25:16'),
(19, 4, 10.00, 9.00, 'BAJO', 6, '2023-11-01', 1, '2023-11-02 01:25:16', '2023-11-27 20:24:26'),
(20, 1, 10.00, 490.00, 'NORMAL', 7, '2023-11-02', 1, '2023-11-02 14:19:35', '2023-11-02 14:20:52'),
(21, 2, 5.00, 1900.00, 'NORMAL', 7, '2023-11-02', 1, '2023-11-02 14:19:54', '2023-11-08 00:49:15'),
(22, 4, 10.00, 200.00, 'NORMAL', 7, '2023-11-02', 1, '2023-11-02 14:19:54', '2023-11-02 14:20:53');

-- --------------------------------------------------------

--
-- Estructura de tabla para la tabla `migrations`
--

CREATE TABLE `migrations` (
  `id` int UNSIGNED NOT NULL,
  `migration` varchar(155) CHARACTER SET utf8mb4 COLLATE utf8mb4_unicode_ci NOT NULL,
  `batch` int NOT NULL
) ENGINE=InnoDB DEFAULT CHARSET=utf8mb4 COLLATE=utf8mb4_unicode_ci;

--
-- Volcado de datos para la tabla `migrations`
--

INSERT INTO `migrations` (`id`, `migration`, `batch`) VALUES
(10, '2014_10_12_000000_create_users_table', 1),
(11, '2020_11_11_164550_create_razon_socials_table', 1),
(12, '2020_11_11_164632_create_datos_usuarios_table', 1),
(13, '2021_07_30_135411_create_obras_table', 1),
(14, '2021_07_30_135412_create_personals_table', 1),
(15, '2021_07_30_140558_create_materials_table', 1),
(16, '2021_07_30_140559_create_material_obras_table', 1),
(17, '2021_07_30_141108_create_herramientas_table', 1),
(18, '2021_07_30_141214_create_monitoreo_herramientas_table', 1),
(19, '2021_08_03_111005_create_ingreso_salidas_table', 2),
(20, '2021_08_04_143829_create_notificacions_table', 3),
(21, '2021_08_04_143923_create_notificacion_users_table', 4),
(22, '2023_07_10_124554_create_solicitud_obras_table', 5),
(23, '2023_07_10_142252_create_solicitud_materials_table', 5),
(24, '2023_07_10_142302_create_solicitud_herramientas_table', 5),
(25, '2023_07_10_142310_create_solicitud_personals_table', 5),
(26, '2023_07_10_142311_create_obra_herramientas_table', 5),
(27, '2023_07_10_142956_create_obra_personals_table', 5),
(29, '2023_07_10_143453_create_solicitud_notas_table', 6),
(30, '2023_07_11_141822_create_nota_obras_table', 6),
(31, '2023_07_12_194226_create_obra_herramienta_usos_table', 7);

-- --------------------------------------------------------

--
-- Estructura de tabla para la tabla `monitoreo_herramientas`
--

CREATE TABLE `monitoreo_herramientas` (
  `id` bigint UNSIGNED NOT NULL,
  `herramienta_id` bigint UNSIGNED NOT NULL,
  `accion` varchar(155) CHARACTER SET utf8mb4 COLLATE utf8mb4_unicode_ci NOT NULL,
  `fecha_registro` date NOT NULL,
  `hora` time NOT NULL,
  `created_at` timestamp NULL DEFAULT NULL,
  `updated_at` timestamp NULL DEFAULT NULL
) ENGINE=InnoDB DEFAULT CHARSET=utf8mb4 COLLATE=utf8mb4_unicode_ci;

--
-- Volcado de datos para la tabla `monitoreo_herramientas`
--

INSERT INTO `monitoreo_herramientas` (`id`, `herramienta_id`, `accion`, `fecha_registro`, `hora`, `created_at`, `updated_at`) VALUES
(1, 1, 'INGRESO', '2021-08-04', '08:00:00', '2021-08-04 20:18:43', '2021-08-04 20:18:43'),
(2, 2, 'INGRESO', '2021-08-04', '08:00:00', '2021-08-04 20:23:24', '2021-08-04 20:23:24'),
(3, 1, 'SALIDA', '2021-08-04', '12:00:00', '2021-08-04 20:24:09', '2021-08-04 20:24:09'),
(4, 2, 'SALIDA', '2021-08-04', '12:00:00', '2021-08-04 20:24:18', '2021-08-04 20:24:18'),
(5, 1, 'INGRESO', '2021-08-04', '18:00:00', '2021-08-04 20:24:22', '2021-08-04 20:24:22'),
(6, 2, 'INGRESO', '2021-08-17', '16:00:00', '2021-08-17 19:51:32', '2021-08-17 19:51:32'),
(7, 3, 'INGRESO', '2023-07-11', '13:00:00', '2023-07-11 22:27:38', '2023-07-11 22:27:38'),
(8, 2, 'SALIDA', '2023-07-12', '21:15:00', '2023-07-13 01:15:36', '2023-07-13 01:15:36'),
(10, 2, 'INGRESO', '2023-07-13', '11:16:00', '2023-07-13 15:16:30', '2023-07-13 15:16:30'),
(11, 3, 'SALIDA', '2023-11-01', '21:57:00', '2023-11-02 01:57:03', '2023-11-02 01:57:03'),
(12, 3, 'INGRESO', '2023-11-01', '21:57:00', '2023-11-02 01:57:19', '2023-11-02 01:57:19'),
(13, 3, 'SALIDA', '2023-11-01', '21:59:00', '2023-11-02 01:59:22', '2023-11-02 01:59:22'),
(14, 3, 'INGRESO', '2023-11-02', '10:29:00', '2023-11-02 14:29:20', '2023-11-02 14:29:20'),
(15, 3, 'SALIDA', '2023-11-02', '10:46:00', '2023-11-02 14:46:48', '2023-11-02 14:46:48'),
(16, 3, 'INGRESO', '2023-11-02', '10:46:00', '2023-11-02 14:46:51', '2023-11-02 14:46:51'),
(17, 7, 'INGRESO', '2023-11-07', '23:09:43', '2023-11-08 03:09:43', '2023-11-08 03:09:43'),
(18, 8, 'INGRESO', '2023-11-07', '23:11:38', '2023-11-08 03:11:38', '2023-11-08 03:11:38'),
(20, 10, 'INGRESO', '2023-11-27', '16:00:39', '2023-11-27 20:00:39', '2023-11-27 20:00:39'),
(21, 10, 'SALIDA', '2023-11-27', '16:00:00', '2023-11-27 20:00:59', '2023-11-27 20:00:59'),
(22, 10, 'INGRESO', '2023-11-27', '16:02:00', '2023-11-27 20:02:09', '2023-11-27 20:02:09');

-- --------------------------------------------------------

--
-- Estructura de tabla para la tabla `nota_obras`
--

CREATE TABLE `nota_obras` (
  `id` bigint UNSIGNED NOT NULL,
  `obra_id` bigint UNSIGNED NOT NULL,
  `nota` text CHARACTER SET utf8mb4 COLLATE utf8mb4_unicode_ci NOT NULL,
  `fecha_registro` date NOT NULL,
  `created_at` timestamp NULL DEFAULT NULL,
  `updated_at` timestamp NULL DEFAULT NULL
) ENGINE=InnoDB DEFAULT CHARSET=utf8mb4 COLLATE=utf8mb4_unicode_ci;

--
-- Volcado de datos para la tabla `nota_obras`
--

INSERT INTO `nota_obras` (`id`, `obra_id`, `nota`, `fecha_registro`, `created_at`, `updated_at`) VALUES
(2, 1, 'NOTA #1 MODIFICADO', '2023-07-11', '2023-07-11 18:42:10', '2023-07-11 18:44:49'),
(3, 1, 'NOTA #2', '2023-07-11', '2023-07-11 18:44:41', '2023-07-11 18:44:41'),
(4, 6, 'LA OBRA SE CONCLUYO', '2023-11-01', '2023-11-02 02:10:59', '2023-11-02 02:10:59'),
(5, 1, 'PRUEBA 1', '2023-11-02', '2023-11-02 17:27:58', '2023-11-02 17:27:58');

-- --------------------------------------------------------

--
-- Estructura de tabla para la tabla `notificacions`
--

CREATE TABLE `notificacions` (
  `id` bigint UNSIGNED NOT NULL,
  `registro_id` bigint UNSIGNED NOT NULL,
  `tipo` varchar(155) CHARACTER SET utf8mb4 COLLATE utf8mb4_unicode_ci NOT NULL,
  `accion` varchar(155) CHARACTER SET utf8mb4 COLLATE utf8mb4_unicode_ci NOT NULL,
  `mensaje` varchar(255) CHARACTER SET utf8mb4 COLLATE utf8mb4_unicode_ci NOT NULL,
  `fecha` date NOT NULL,
  `hora` time NOT NULL,
  `created_at` timestamp NULL DEFAULT NULL,
  `updated_at` timestamp NULL DEFAULT NULL
) ENGINE=InnoDB DEFAULT CHARSET=utf8mb4 COLLATE=utf8mb4_unicode_ci;

--
-- Volcado de datos para la tabla `notificacions`
--

INSERT INTO `notificacions` (`id`, `registro_id`, `tipo`, `accion`, `mensaje`, `fecha`, `hora`, `created_at`, `updated_at`) VALUES
(1, 1, 'HERRAMIENTA', 'INGRESO', 'INGRESO DE LA HERRAMIENTA HERRAMIENTA 1', '2021-08-04', '16:18:25', '2021-08-04 20:18:25', '2021-08-04 20:18:25'),
(2, 1, 'HERRAMIENTA', 'INGRESO', 'INGRESO DE LA HERRAMIENTA HERRAMIENTA 1', '2021-08-04', '16:18:43', '2021-08-04 20:18:43', '2021-08-04 20:18:43'),
(7, 2, 'HERRAMIENTA', 'INGRESO', 'INGRESO DE LA HERRAMIENTA HERRAMIENTA 2', '2021-08-04', '16:23:24', '2021-08-04 20:23:24', '2021-08-04 20:23:24'),
(9, 3, 'HERRAMIENTA', 'SALIDA', 'SALIDA DE LA HERRAMIENTA HERRAMIENTA 1', '2021-08-04', '16:24:09', '2021-08-04 20:24:09', '2021-08-04 20:24:09'),
(10, 4, 'HERRAMIENTA', 'SALIDA', 'SALIDA DE LA HERRAMIENTA HERRAMIENTA 2', '2021-08-04', '16:24:18', '2021-08-04 20:24:18', '2021-08-04 20:24:18'),
(11, 5, 'HERRAMIENTA', 'INGRESO', 'INGRESO DE LA HERRAMIENTA HERRAMIENTA 1', '2021-08-04', '16:24:22', '2021-08-04 20:24:22', '2021-08-04 20:24:22'),
(13, 6, 'HERRAMIENTA', 'INGRESO', 'INGRESO DE LA HERRAMIENTA HERRAMIENTA 2', '2021-08-17', '15:51:33', '2021-08-17 19:51:33', '2021-08-17 19:51:33'),
(21, 2, 'SOLICITUD', 'NUEVO', 'SE REALZÓ UNA SOLICITUD PARA LA OBRA: OBRA 1', '2023-07-11', '18:06:42', '2023-07-11 22:06:42', '2023-07-11 22:06:42'),
(45, 1, 'PERSONAL', 'INGRESO', 'SE REGISTRO EL INGRESO DEL PERSONAL PEDRO MAMANI  EN LA OBRA OBRA 1', '2023-07-12', '17:47:47', '2023-07-12 21:47:47', '2023-07-12 21:47:47'),
(46, 2, 'HERRAMIENTA OBRA', 'INGRESO', 'SE REGISTRO EL INGRESO DE LA HERRAMIENTA  EN LA OBRA OBRA 1', '2023-07-12', '17:47:55', '2023-07-12 21:47:55', '2023-07-12 21:47:55'),
(47, 17, 'MATERIAL', 'INGRESO', 'INGRESO DE 10 MATERIAL 1 EN LA OBRA OBRA 1', '2023-07-12', '17:48:07', '2023-07-12 21:48:07', '2023-07-12 21:48:07'),
(48, 18, 'MATERIAL', 'INGRESO', 'INGRESO DE 20 MATERIAL 2 EN LA OBRA OBRA 1', '2023-07-12', '17:48:19', '2023-07-12 21:48:19', '2023-07-12 21:48:19'),
(49, 2, 'HERRAMIENTA OBRA', 'SALIDA', 'SE REGISTRO LA SALIDA DE LA HERRAMIENTA  EN LA OBRA OBRA 1', '2023-07-12', '17:56:33', '2023-07-12 21:56:33', '2023-07-12 21:56:33'),
(50, 2, 'HERRAMIENTA OBRA', 'INGRESO', 'SE REGISTRO EL INGRESO DE LA HERRAMIENTA  EN LA OBRA OBRA 1', '2023-07-12', '18:06:20', '2023-07-12 22:06:20', '2023-07-12 22:06:20'),
(51, 8, 'HERRAMIENTA', 'SALIDA', 'SALIDA DE LA HERRAMIENTA HERRAMIENTA 2', '2023-07-12', '21:15:36', '2023-07-13 01:15:36', '2023-07-13 01:15:36'),
(52, 19, 'MATERIAL', 'SALIDA', 'SALIDA DE 10 MATERIAL 1 EN LA OBRA OBRA 1', '2023-07-12', '23:50:16', '2023-07-13 03:50:16', '2023-07-13 03:50:16'),
(53, 3, 'SOLICITUD', 'NUEVO', 'SE REALZÓ UNA SOLICITUD PARA LA OBRA: COPIAR OBRA 1', '2023-07-13', '11:00:02', '2023-07-13 15:00:02', '2023-07-13 15:00:02'),
(55, 10, 'HERRAMIENTA', 'INGRESO', 'INGRESO DE LA HERRAMIENTA HERRAMIENTA 2', '2023-07-13', '11:16:30', '2023-07-13 15:16:30', '2023-07-13 15:16:30'),
(56, 4, 'SOLICITUD', 'NUEVO', 'SE REALZÓ UNA SOLICITUD PARA LA OBRA: OBRA 2', '2023-07-20', '11:59:08', '2023-07-20 15:59:08', '2023-07-20 15:59:08'),
(57, 20, 'MATERIAL', 'INGRESO', 'INGRESO DE 30 MATERIAL 1 EN LA OBRA OBRA 2', '2023-07-20', '12:04:40', '2023-07-20 16:04:40', '2023-07-20 16:04:40'),
(58, 21, 'MATERIAL', 'SALIDA', 'SALIDA DE 30 MATERIAL 1 EN LA OBRA OBRA 2', '2023-07-20', '12:06:07', '2023-07-20 16:06:07', '2023-07-20 16:06:07'),
(59, 1, 'HERRAMIENTA OBRA', 'INGRESO', 'SE REGISTRO EL INGRESO DE LA HERRAMIENTA  EN LA OBRA OBRA 2', '2023-07-20', '12:30:00', '2023-07-20 16:30:00', '2023-07-20 16:30:00'),
(60, 1, 'PERSONAL', 'INGRESO', 'SE REGISTRO EL INGRESO DEL PERSONAL PEDRO MAMANI  EN LA OBRA OBRA 2', '2023-07-20', '12:30:11', '2023-07-20 16:30:11', '2023-07-20 16:30:11'),
(61, 3, 'SOLICITUD', 'NUEVO', 'SE APROBÓ LA SOLICITUD DE LA OBRA: COPIA OBRA 1', '2023-11-01', '20:56:16', '2023-11-02 00:56:16', '2023-11-02 00:56:16'),
(62, 22, 'MATERIAL', 'SALIDA', 'SALIDA DE 20 MATERIAL 2 EN LA OBRA OBRA 1', '2023-11-01', '21:03:52', '2023-11-02 01:03:52', '2023-11-02 01:03:52'),
(63, 2, 'SOLICITUD', 'MODIFICACIÓN', 'SE REALIZÓ UNA NUEVA SOLICITUD PARA LA OBRA: OBRA 1', '2023-11-01', '21:06:27', '2023-11-02 01:06:27', '2023-11-02 01:06:27'),
(64, 2, 'SOLICITUD', 'NUEVO', 'SE APROBÓ LA SOLICITUD DE LA OBRA: OBRA 1', '2023-11-01', '21:08:44', '2023-11-02 01:08:44', '2023-11-02 01:08:44'),
(65, 23, 'MATERIAL', 'INGRESO', 'INGRESO DE 10 MATERIAL 1 EN LA OBRA OBRA 1', '2023-11-01', '21:11:16', '2023-11-02 01:11:16', '2023-11-02 01:11:16'),
(66, 24, 'MATERIAL', 'INGRESO', 'INGRESO DE 1000 MATERIAL 2 EN LA OBRA OBRA 1', '2023-11-01', '21:11:16', '2023-11-02 01:11:16', '2023-11-02 01:11:16'),
(67, 25, 'MATERIAL', 'INGRESO', 'INGRESO DE 1000 MATERIAL 3 EN LA OBRA OBRA 1', '2023-11-01', '21:11:17', '2023-11-02 01:11:17', '2023-11-02 01:11:17'),
(68, 26, 'MATERIAL', 'INGRESO', 'INGRESO DE 100 ESTUCO BOLSA SIMPLE EN LA OBRA OBRA 1', '2023-11-01', '21:11:17', '2023-11-02 01:11:17', '2023-11-02 01:11:17'),
(69, 2, 'SOLICITUD', 'MODIFICACIÓN', 'SE REALIZÓ UNA NUEVA SOLICITUD PARA LA OBRA: OBRA 1', '2023-11-01', '21:12:49', '2023-11-02 01:12:49', '2023-11-02 01:12:49'),
(70, 2, 'SOLICITUD', 'NUEVO', 'SE APROBÓ LA SOLICITUD DE LA OBRA: OBRA 1', '2023-11-01', '21:13:11', '2023-11-02 01:13:11', '2023-11-02 01:13:11'),
(71, 27, 'MATERIAL', 'INGRESO', 'INGRESO DE 1000 MATERIAL 1 EN LA OBRA OBRA 1', '2023-11-01', '21:14:11', '2023-11-02 01:14:11', '2023-11-02 01:14:11'),
(72, 5, 'SOLICITUD', 'NUEVO', 'EL USUARIO 10002 APROBÓ Y ASIGNÓ MATERIALES, HERRAMIENTAS, PERSONAL, EN LA OBRA: MEDLOG', '2023-11-01', '21:22:37', '2023-11-02 01:22:37', '2023-11-02 01:22:37'),
(73, 28, 'MATERIAL', 'INGRESO', 'INGRESO DE 1000 MATERIAL 1 EN LA OBRA MEDLOG', '2023-11-01', '21:25:16', '2023-11-02 01:25:16', '2023-11-02 01:25:16'),
(74, 29, 'MATERIAL', 'INGRESO', 'INGRESO DE 1000 MATERIAL 2 EN LA OBRA MEDLOG', '2023-11-01', '21:25:16', '2023-11-02 01:25:16', '2023-11-02 01:25:16'),
(75, 30, 'MATERIAL', 'INGRESO', 'INGRESO DE 1000 MATERIAL 3 EN LA OBRA MEDLOG', '2023-11-01', '21:25:16', '2023-11-02 01:25:16', '2023-11-02 01:25:16'),
(76, 31, 'MATERIAL', 'INGRESO', 'INGRESO DE 50 ESTUCO BOLSA SIMPLE EN LA OBRA MEDLOG', '2023-11-01', '21:25:16', '2023-11-02 01:25:16', '2023-11-02 01:25:16'),
(77, 3, 'HERRAMIENTA OBRA', 'INGRESO', 'SE REGISTRO EL INGRESO DE LA HERRAMIENTA  EN LA OBRA MEDLOG', '2023-11-01', '21:25:44', '2023-11-02 01:25:44', '2023-11-02 01:25:44'),
(78, 5, 'PERSONAL', 'INGRESO', 'SE REGISTRO EL INGRESO DEL PERSONAL ESEQUIEL CHAMBI CHOQUE EN LA OBRA MEDLOG', '2023-11-01', '21:27:43', '2023-11-02 01:27:43', '2023-11-02 01:27:43'),
(79, 32, 'MATERIAL', 'SALIDA', 'SALIDA DE 40 ESTUCO BOLSA SIMPLE EN LA OBRA MEDLOG', '2023-11-01', '21:28:39', '2023-11-02 01:28:39', '2023-11-02 01:28:39'),
(80, 11, 'HERRAMIENTA', 'SALIDA', 'SALIDA DE LA HERRAMIENTA HERRAMIENTA #3', '2023-11-01', '21:57:05', '2023-11-02 01:57:05', '2023-11-02 01:57:05'),
(81, 12, 'HERRAMIENTA', 'INGRESO', 'INGRESO DE LA HERRAMIENTA HERRAMIENTA #3', '2023-11-01', '21:57:20', '2023-11-02 01:57:20', '2023-11-02 01:57:20'),
(82, 13, 'HERRAMIENTA', 'SALIDA', 'SALIDA DE LA HERRAMIENTA HERRAMIENTA #3', '2023-11-01', '21:59:25', '2023-11-02 01:59:25', '2023-11-02 01:59:25'),
(83, 33, 'MATERIAL', 'SALIDA', 'SALIDA DE 100 MATERIAL 1 EN LA OBRA MEDLOG', '2023-11-01', '22:16:37', '2023-11-02 02:16:37', '2023-11-02 02:16:37'),
(84, 6, 'SOLICITUD', 'NUEVO', 'EL USUARIO 10002 APROBÓ Y ASIGNÓ MATERIALES, PERSONAL, EN LA OBRA: EDIFICIO MONTERO', '2023-11-02', '10:12:32', '2023-11-02 14:12:32', '2023-11-02 14:12:32'),
(85, 6, 'SOLICITUD', 'NUEVO', 'EL USUARIO 10002 APROBÓ Y ASIGNÓ HERRAMIENTAS, EN LA OBRA: EDIFICIO MONTERO', '2023-11-02', '10:16:22', '2023-11-02 14:16:22', '2023-11-02 14:16:22'),
(86, 34, 'MATERIAL', 'INGRESO', 'INGRESO DE 500 MATERIAL 1 EN LA OBRA EDIFICIO MONTERO', '2023-11-02', '10:19:35', '2023-11-02 14:19:35', '2023-11-02 14:19:35'),
(87, 35, 'MATERIAL', 'INGRESO', 'INGRESO DE 1000 MATERIAL 2 EN LA OBRA EDIFICIO MONTERO', '2023-11-02', '10:19:54', '2023-11-02 14:19:54', '2023-11-02 14:19:54'),
(88, 36, 'MATERIAL', 'INGRESO', 'INGRESO DE 500 ESTUCO BOLSA SIMPLE EN LA OBRA EDIFICIO MONTERO', '2023-11-02', '10:19:54', '2023-11-02 14:19:54', '2023-11-02 14:19:54'),
(89, 37, 'MATERIAL', 'SALIDA', 'SALIDA DE 10 MATERIAL 1 EN LA OBRA EDIFICIO MONTERO', '2023-11-02', '10:20:52', '2023-11-02 14:20:52', '2023-11-02 14:20:52'),
(90, 38, 'MATERIAL', 'SALIDA', 'SALIDA DE 1000 MATERIAL 2 EN LA OBRA EDIFICIO MONTERO', '2023-11-02', '10:20:52', '2023-11-02 14:20:52', '2023-11-02 14:20:52'),
(91, 39, 'MATERIAL', 'SALIDA', 'SALIDA DE 300 ESTUCO BOLSA SIMPLE EN LA OBRA EDIFICIO MONTERO', '2023-11-02', '10:20:53', '2023-11-02 14:20:53', '2023-11-02 14:20:53'),
(92, 6, 'SOLICITUD', 'MODIFICACIÓN', 'SE REALIZÓ UNA NUEVA SOLICITUD PARA LA OBRA: EDIFICIO MONTERO', '2023-11-02', '10:23:38', '2023-11-02 14:23:38', '2023-11-02 14:23:38'),
(93, 6, 'SOLICITUD', 'NUEVO', 'SE APROBÓ LA SOLICITUD DE LA OBRA: EDIFICIO MONTERO', '2023-11-02', '10:24:27', '2023-11-02 14:24:27', '2023-11-02 14:24:27'),
(94, 40, 'MATERIAL', 'INGRESO', 'INGRESO DE 2000 MATERIAL 2 EN LA OBRA EDIFICIO MONTERO', '2023-11-02', '10:24:58', '2023-11-02 14:24:58', '2023-11-02 14:24:58'),
(95, 41, 'MATERIAL', 'SALIDA', 'SALIDA DE 100 MATERIAL 2 EN LA OBRA EDIFICIO MONTERO', '2023-11-02', '10:26:03', '2023-11-02 14:26:03', '2023-11-02 14:26:03'),
(96, 14, 'HERRAMIENTA', 'INGRESO', 'INGRESO DE LA HERRAMIENTA HERRAMIENTA #3', '2023-11-02', '10:29:21', '2023-11-02 14:29:21', '2023-11-02 14:29:21'),
(97, 15, 'HERRAMIENTA', 'SALIDA', 'SALIDA DE LA HERRAMIENTA HERRAMIENTA #3', '2023-11-02', '10:46:48', '2023-11-02 14:46:48', '2023-11-02 14:46:48'),
(98, 16, 'HERRAMIENTA', 'INGRESO', 'INGRESO DE LA HERRAMIENTA HERRAMIENTA #3', '2023-11-02', '10:46:52', '2023-11-02 14:46:52', '2023-11-02 14:46:52'),
(99, 6, 'SOLICITUD', 'NUEVO', 'EL USUARIO admin APROBÓ Y ASIGNÓ HERRAMIENTAS, PERSONAL, EN LA OBRA: EDIFICIO MONTERO', '2023-11-02', '13:35:31', '2023-11-02 17:35:31', '2023-11-02 17:35:31'),
(100, 4, 'HERRAMIENTA OBRA', 'INGRESO', 'SE REGISTRO EL INGRESO DE LA HERRAMIENTA  EN LA OBRA EDIFICIO MONTERO', '2023-11-02', '13:36:11', '2023-11-02 17:36:11', '2023-11-02 17:36:11'),
(101, 6, 'SOLICITUD', 'MODIFICACIÓN', 'SE REALIZÓ UNA NUEVA SOLICITUD PARA LA OBRA: EDIFICIO MONTERO', '2023-11-02', '13:38:58', '2023-11-02 17:38:58', '2023-11-02 17:38:58'),
(102, 17, 'HERRAMIENTA', 'INGRESO', 'INGRESO DE LA HERRAMIENTA HERRAMIENTA #4', '2023-11-07', '23:09:43', '2023-11-08 03:09:43', '2023-11-08 03:09:43'),
(103, 18, 'HERRAMIENTA', 'INGRESO', 'INGRESO DE LA HERRAMIENTA HERRAMIENTA #5', '2023-11-07', '23:11:38', '2023-11-08 03:11:38', '2023-11-08 03:11:38'),
(104, 19, 'HERRAMIENTA', 'INGRESO', 'INGRESO DE LA HERRAMIENTA HERRAMIENTA NUEVA', '2023-11-27', '15:57:31', '2023-11-27 19:57:31', '2023-11-27 19:57:31'),
(105, 20, 'HERRAMIENTA', 'INGRESO', 'INGRESO DE LA HERRAMIENTA NUEVA HERRAMINETA #3', '2023-11-27', '16:00:39', '2023-11-27 20:00:39', '2023-11-27 20:00:39'),
(106, 21, 'HERRAMIENTA', 'SALIDA', 'SALIDA DE LA HERRAMIENTA NUEVA HERRAMINETA #3', '2023-11-27', '16:00:59', '2023-11-27 20:00:59', '2023-11-27 20:00:59'),
(107, 22, 'HERRAMIENTA', 'INGRESO', 'INGRESO DE LA HERRAMIENTA NUEVA HERRAMINETA #3', '2023-11-27', '16:02:09', '2023-11-27 20:02:09', '2023-11-27 20:02:09'),
(108, 42, 'MATERIAL', 'SALIDA', 'SALIDA DE 100 ESTUCO BOLSA SIMPLE EN LA OBRA OBRA 1', '2023-11-27', '16:20:22', '2023-11-27 20:20:22', '2023-11-27 20:20:22'),
(109, 43, 'MATERIAL', 'SALIDA', 'SALIDA DE 1 ESTUCO BOLSA SIMPLE EN LA OBRA MEDLOG', '2023-11-27', '16:24:26', '2023-11-27 20:24:26', '2023-11-27 20:24:26');

-- --------------------------------------------------------

--
-- Estructura de tabla para la tabla `notificacion_users`
--

CREATE TABLE `notificacion_users` (
  `id` bigint UNSIGNED NOT NULL,
  `notificacion_id` bigint UNSIGNED NOT NULL,
  `user_id` bigint UNSIGNED NOT NULL,
  `visto` int NOT NULL,
  `created_at` timestamp NULL DEFAULT NULL,
  `updated_at` timestamp NULL DEFAULT NULL
) ENGINE=InnoDB DEFAULT CHARSET=utf8mb4 COLLATE=utf8mb4_unicode_ci;

--
-- Volcado de datos para la tabla `notificacion_users`
--

INSERT INTO `notificacion_users` (`id`, `notificacion_id`, `user_id`, `visto`, `created_at`, `updated_at`) VALUES
(1, 2, 1, 1, '2021-08-04 20:18:43', '2021-08-04 20:19:00'),
(2, 2, 2, 0, '2021-08-04 20:18:43', '2021-08-04 20:18:43'),
(3, 2, 4, 0, '2021-08-04 20:18:43', '2021-08-04 20:18:43'),
(20, 7, 1, 1, '2021-08-04 20:23:24', '2021-08-04 20:23:30'),
(21, 7, 2, 0, '2021-08-04 20:23:24', '2021-08-04 20:23:24'),
(22, 7, 4, 0, '2021-08-04 20:23:24', '2021-08-04 20:23:24'),
(27, 9, 1, 1, '2021-08-04 20:24:09', '2023-07-11 16:42:51'),
(28, 9, 2, 0, '2021-08-04 20:24:09', '2021-08-04 20:24:09'),
(29, 9, 4, 0, '2021-08-04 20:24:09', '2021-08-04 20:24:09'),
(30, 10, 1, 1, '2021-08-04 20:24:18', '2023-07-11 16:42:51'),
(31, 10, 2, 0, '2021-08-04 20:24:18', '2021-08-04 20:24:18'),
(32, 10, 4, 0, '2021-08-04 20:24:18', '2021-08-04 20:24:18'),
(33, 11, 1, 1, '2021-08-04 20:24:22', '2023-07-11 16:42:51'),
(34, 11, 2, 0, '2021-08-04 20:24:22', '2021-08-04 20:24:22'),
(35, 11, 4, 0, '2021-08-04 20:24:22', '2021-08-04 20:24:22'),
(40, 13, 1, 1, '2021-08-17 19:51:33', '2023-07-11 16:42:51'),
(41, 13, 2, 0, '2021-08-17 19:51:33', '2021-08-17 19:51:33'),
(42, 13, 4, 0, '2021-08-17 19:51:33', '2021-08-17 19:51:33'),
(67, 21, 1, 0, '2023-07-11 22:06:42', '2023-07-11 22:06:42'),
(68, 21, 2, 0, '2023-07-11 22:06:42', '2023-07-11 22:06:42'),
(69, 21, 4, 0, '2023-07-11 22:06:42', '2023-07-11 22:06:42'),
(70, 21, 7, 0, '2023-07-11 22:06:42', '2023-07-11 22:06:42'),
(71, 45, 1, 0, '2023-07-12 21:47:47', '2023-07-12 21:47:47'),
(72, 45, 2, 0, '2023-07-12 21:47:47', '2023-07-12 21:47:47'),
(73, 45, 4, 0, '2023-07-12 21:47:47', '2023-07-12 21:47:47'),
(74, 45, 7, 0, '2023-07-12 21:47:47', '2023-07-12 21:47:47'),
(75, 46, 1, 0, '2023-07-12 21:47:55', '2023-07-12 21:47:55'),
(76, 46, 2, 0, '2023-07-12 21:47:55', '2023-07-12 21:47:55'),
(77, 46, 4, 0, '2023-07-12 21:47:55', '2023-07-12 21:47:55'),
(78, 46, 7, 0, '2023-07-12 21:47:55', '2023-07-12 21:47:55'),
(79, 47, 1, 0, '2023-07-12 21:48:07', '2023-07-12 21:48:07'),
(80, 47, 2, 0, '2023-07-12 21:48:07', '2023-07-12 21:48:07'),
(81, 47, 4, 0, '2023-07-12 21:48:07', '2023-07-12 21:48:07'),
(82, 47, 7, 0, '2023-07-12 21:48:07', '2023-07-12 21:48:07'),
(83, 48, 1, 0, '2023-07-12 21:48:19', '2023-07-12 21:48:19'),
(84, 48, 2, 0, '2023-07-12 21:48:19', '2023-07-12 21:48:19'),
(85, 48, 4, 0, '2023-07-12 21:48:19', '2023-07-12 21:48:19'),
(86, 48, 7, 0, '2023-07-12 21:48:19', '2023-07-12 21:48:19'),
(87, 49, 1, 0, '2023-07-12 21:56:33', '2023-07-12 21:56:33'),
(88, 49, 2, 0, '2023-07-12 21:56:33', '2023-07-12 21:56:33'),
(89, 49, 4, 0, '2023-07-12 21:56:33', '2023-07-12 21:56:33'),
(90, 49, 7, 0, '2023-07-12 21:56:33', '2023-07-12 21:56:33'),
(91, 50, 1, 0, '2023-07-12 22:06:20', '2023-07-12 22:06:20'),
(92, 50, 2, 0, '2023-07-12 22:06:20', '2023-07-12 22:06:20'),
(93, 50, 4, 0, '2023-07-12 22:06:20', '2023-07-12 22:06:20'),
(94, 50, 7, 0, '2023-07-12 22:06:20', '2023-07-12 22:06:20'),
(95, 51, 1, 0, '2023-07-13 01:15:36', '2023-07-13 01:15:36'),
(96, 51, 2, 0, '2023-07-13 01:15:36', '2023-07-13 01:15:36'),
(97, 51, 4, 0, '2023-07-13 01:15:36', '2023-07-13 01:15:36'),
(98, 51, 7, 0, '2023-07-13 01:15:36', '2023-07-13 01:15:36'),
(99, 52, 1, 0, '2023-07-13 03:50:16', '2023-07-13 03:50:16'),
(100, 52, 2, 0, '2023-07-13 03:50:16', '2023-07-13 03:50:16'),
(101, 52, 4, 0, '2023-07-13 03:50:16', '2023-07-13 03:50:16'),
(102, 52, 7, 0, '2023-07-13 03:50:16', '2023-07-13 03:50:16'),
(103, 53, 1, 1, '2023-07-13 15:00:02', '2023-07-13 15:01:54'),
(104, 53, 2, 0, '2023-07-13 15:00:02', '2023-07-13 15:00:02'),
(105, 53, 4, 0, '2023-07-13 15:00:02', '2023-07-13 15:00:02'),
(106, 53, 7, 0, '2023-07-13 15:00:02', '2023-07-13 15:00:02'),
(111, 55, 1, 0, '2023-07-13 15:16:30', '2023-07-13 15:16:30'),
(112, 55, 2, 0, '2023-07-13 15:16:30', '2023-07-13 15:16:30'),
(113, 55, 4, 0, '2023-07-13 15:16:30', '2023-07-13 15:16:30'),
(114, 55, 7, 0, '2023-07-13 15:16:30', '2023-07-13 15:16:30'),
(115, 56, 1, 0, '2023-07-20 15:59:08', '2023-07-20 15:59:08'),
(116, 56, 2, 0, '2023-07-20 15:59:08', '2023-07-20 15:59:08'),
(117, 56, 4, 0, '2023-07-20 15:59:08', '2023-07-20 15:59:08'),
(118, 56, 7, 0, '2023-07-20 15:59:08', '2023-07-20 15:59:08'),
(119, 57, 1, 0, '2023-07-20 16:04:40', '2023-07-20 16:04:40'),
(120, 57, 2, 0, '2023-07-20 16:04:40', '2023-07-20 16:04:40'),
(121, 57, 4, 0, '2023-07-20 16:04:40', '2023-07-20 16:04:40'),
(122, 57, 7, 0, '2023-07-20 16:04:40', '2023-07-20 16:04:40'),
(123, 58, 1, 0, '2023-07-20 16:06:07', '2023-07-20 16:06:07'),
(124, 58, 2, 0, '2023-07-20 16:06:07', '2023-07-20 16:06:07'),
(125, 58, 4, 0, '2023-07-20 16:06:07', '2023-07-20 16:06:07'),
(126, 58, 7, 0, '2023-07-20 16:06:07', '2023-07-20 16:06:07'),
(127, 59, 1, 0, '2023-07-20 16:30:00', '2023-07-20 16:30:00'),
(128, 59, 2, 0, '2023-07-20 16:30:00', '2023-07-20 16:30:00'),
(129, 59, 4, 0, '2023-07-20 16:30:00', '2023-07-20 16:30:00'),
(130, 59, 7, 0, '2023-07-20 16:30:00', '2023-07-20 16:30:00'),
(131, 60, 1, 0, '2023-07-20 16:30:11', '2023-07-20 16:30:11'),
(132, 60, 2, 0, '2023-07-20 16:30:11', '2023-07-20 16:30:11'),
(133, 60, 4, 0, '2023-07-20 16:30:11', '2023-07-20 16:30:11'),
(134, 60, 7, 0, '2023-07-20 16:30:11', '2023-07-20 16:30:11'),
(135, 61, 3, 0, '2023-11-02 00:56:16', '2023-11-02 00:56:16'),
(136, 62, 1, 0, '2023-11-02 01:03:52', '2023-11-02 01:03:52'),
(137, 62, 2, 0, '2023-11-02 01:03:52', '2023-11-02 01:03:52'),
(138, 62, 4, 0, '2023-11-02 01:03:52', '2023-11-02 01:03:52'),
(139, 62, 7, 0, '2023-11-02 01:03:52', '2023-11-02 01:03:52'),
(140, 62, 8, 0, '2023-11-02 01:03:52', '2023-11-02 01:03:52'),
(141, 62, 9, 0, '2023-11-02 01:03:52', '2023-11-02 01:03:52'),
(142, 63, 1, 0, '2023-11-02 01:06:27', '2023-11-02 01:06:27'),
(143, 63, 2, 0, '2023-11-02 01:06:27', '2023-11-02 01:06:27'),
(144, 63, 4, 0, '2023-11-02 01:06:28', '2023-11-02 01:06:28'),
(145, 63, 7, 0, '2023-11-02 01:06:28', '2023-11-02 01:06:28'),
(146, 63, 8, 1, '2023-11-02 01:06:28', '2023-11-02 01:08:06'),
(147, 63, 9, 0, '2023-11-02 01:06:28', '2023-11-02 01:06:28'),
(148, 64, 10, 1, '2023-11-02 01:08:44', '2023-11-02 01:10:21'),
(149, 65, 1, 0, '2023-11-02 01:11:16', '2023-11-02 01:11:16'),
(150, 65, 2, 0, '2023-11-02 01:11:16', '2023-11-02 01:11:16'),
(151, 65, 4, 0, '2023-11-02 01:11:16', '2023-11-02 01:11:16'),
(152, 65, 7, 0, '2023-11-02 01:11:16', '2023-11-02 01:11:16'),
(153, 65, 8, 0, '2023-11-02 01:11:16', '2023-11-02 01:11:16'),
(154, 65, 9, 0, '2023-11-02 01:11:16', '2023-11-02 01:11:16'),
(155, 66, 1, 0, '2023-11-02 01:11:16', '2023-11-02 01:11:16'),
(156, 66, 2, 0, '2023-11-02 01:11:16', '2023-11-02 01:11:16'),
(157, 66, 4, 0, '2023-11-02 01:11:17', '2023-11-02 01:11:17'),
(158, 66, 7, 0, '2023-11-02 01:11:17', '2023-11-02 01:11:17'),
(159, 66, 8, 0, '2023-11-02 01:11:17', '2023-11-02 01:11:17'),
(160, 66, 9, 0, '2023-11-02 01:11:17', '2023-11-02 01:11:17'),
(161, 67, 1, 0, '2023-11-02 01:11:17', '2023-11-02 01:11:17'),
(162, 67, 2, 0, '2023-11-02 01:11:17', '2023-11-02 01:11:17'),
(163, 67, 4, 0, '2023-11-02 01:11:17', '2023-11-02 01:11:17'),
(164, 67, 7, 0, '2023-11-02 01:11:17', '2023-11-02 01:11:17'),
(165, 67, 8, 0, '2023-11-02 01:11:17', '2023-11-02 01:11:17'),
(166, 67, 9, 0, '2023-11-02 01:11:17', '2023-11-02 01:11:17'),
(167, 68, 1, 0, '2023-11-02 01:11:17', '2023-11-02 01:11:17'),
(168, 68, 2, 0, '2023-11-02 01:11:17', '2023-11-02 01:11:17'),
(169, 68, 4, 0, '2023-11-02 01:11:17', '2023-11-02 01:11:17'),
(170, 68, 7, 0, '2023-11-02 01:11:17', '2023-11-02 01:11:17'),
(171, 68, 8, 0, '2023-11-02 01:11:17', '2023-11-02 01:11:17'),
(172, 68, 9, 0, '2023-11-02 01:11:17', '2023-11-02 01:11:17'),
(173, 69, 1, 0, '2023-11-02 01:12:49', '2023-11-02 01:12:49'),
(174, 69, 2, 0, '2023-11-02 01:12:50', '2023-11-02 01:12:50'),
(175, 69, 4, 0, '2023-11-02 01:12:50', '2023-11-02 01:12:50'),
(176, 69, 7, 0, '2023-11-02 01:12:50', '2023-11-02 01:12:50'),
(177, 69, 8, 1, '2023-11-02 01:12:50', '2023-11-02 01:13:06'),
(178, 69, 9, 0, '2023-11-02 01:12:50', '2023-11-02 01:12:50'),
(179, 70, 10, 1, '2023-11-02 01:13:11', '2023-11-02 01:13:17'),
(180, 71, 1, 0, '2023-11-02 01:14:11', '2023-11-02 01:14:11'),
(181, 71, 2, 0, '2023-11-02 01:14:11', '2023-11-02 01:14:11'),
(182, 71, 4, 0, '2023-11-02 01:14:11', '2023-11-02 01:14:11'),
(183, 71, 7, 0, '2023-11-02 01:14:11', '2023-11-02 01:14:11'),
(184, 71, 8, 0, '2023-11-02 01:14:11', '2023-11-02 01:14:11'),
(185, 71, 9, 0, '2023-11-02 01:14:11', '2023-11-02 01:14:11'),
(186, 72, 10, 1, '2023-11-02 01:22:37', '2023-11-02 01:23:25'),
(187, 73, 1, 0, '2023-11-02 01:25:16', '2023-11-02 01:25:16'),
(188, 73, 2, 0, '2023-11-02 01:25:16', '2023-11-02 01:25:16'),
(189, 73, 4, 0, '2023-11-02 01:25:16', '2023-11-02 01:25:16'),
(190, 73, 7, 0, '2023-11-02 01:25:16', '2023-11-02 01:25:16'),
(191, 73, 8, 0, '2023-11-02 01:25:16', '2023-11-02 01:25:16'),
(192, 73, 9, 0, '2023-11-02 01:25:16', '2023-11-02 01:25:16'),
(193, 74, 1, 0, '2023-11-02 01:25:16', '2023-11-02 01:25:16'),
(194, 74, 2, 0, '2023-11-02 01:25:16', '2023-11-02 01:25:16'),
(195, 74, 4, 0, '2023-11-02 01:25:16', '2023-11-02 01:25:16'),
(196, 74, 7, 0, '2023-11-02 01:25:16', '2023-11-02 01:25:16'),
(197, 74, 8, 0, '2023-11-02 01:25:16', '2023-11-02 01:25:16'),
(198, 74, 9, 0, '2023-11-02 01:25:16', '2023-11-02 01:25:16'),
(199, 75, 1, 0, '2023-11-02 01:25:16', '2023-11-02 01:25:16'),
(200, 75, 2, 0, '2023-11-02 01:25:16', '2023-11-02 01:25:16'),
(201, 75, 4, 0, '2023-11-02 01:25:16', '2023-11-02 01:25:16'),
(202, 75, 7, 0, '2023-11-02 01:25:16', '2023-11-02 01:25:16'),
(203, 75, 8, 0, '2023-11-02 01:25:16', '2023-11-02 01:25:16'),
(204, 75, 9, 0, '2023-11-02 01:25:16', '2023-11-02 01:25:16'),
(205, 76, 1, 0, '2023-11-02 01:25:16', '2023-11-02 01:25:16'),
(206, 76, 2, 0, '2023-11-02 01:25:16', '2023-11-02 01:25:16'),
(207, 76, 4, 0, '2023-11-02 01:25:16', '2023-11-02 01:25:16'),
(208, 76, 7, 0, '2023-11-02 01:25:16', '2023-11-02 01:25:16'),
(209, 76, 8, 0, '2023-11-02 01:25:16', '2023-11-02 01:25:16'),
(210, 76, 9, 0, '2023-11-02 01:25:16', '2023-11-02 01:25:16'),
(211, 77, 1, 0, '2023-11-02 01:25:44', '2023-11-02 01:25:44'),
(212, 77, 2, 0, '2023-11-02 01:25:44', '2023-11-02 01:25:44'),
(213, 77, 4, 0, '2023-11-02 01:25:44', '2023-11-02 01:25:44'),
(214, 77, 7, 0, '2023-11-02 01:25:44', '2023-11-02 01:25:44'),
(215, 77, 8, 0, '2023-11-02 01:25:45', '2023-11-02 01:25:45'),
(216, 77, 9, 0, '2023-11-02 01:25:45', '2023-11-02 01:25:45'),
(217, 78, 1, 0, '2023-11-02 01:27:43', '2023-11-02 01:27:43'),
(218, 78, 2, 0, '2023-11-02 01:27:43', '2023-11-02 01:27:43'),
(219, 78, 4, 0, '2023-11-02 01:27:43', '2023-11-02 01:27:43'),
(220, 78, 7, 0, '2023-11-02 01:27:43', '2023-11-02 01:27:43'),
(221, 78, 8, 0, '2023-11-02 01:27:43', '2023-11-02 01:27:43'),
(222, 78, 9, 0, '2023-11-02 01:27:43', '2023-11-02 01:27:43'),
(223, 79, 1, 0, '2023-11-02 01:28:39', '2023-11-02 01:28:39'),
(224, 79, 2, 0, '2023-11-02 01:28:39', '2023-11-02 01:28:39'),
(225, 79, 4, 0, '2023-11-02 01:28:39', '2023-11-02 01:28:39'),
(226, 79, 7, 0, '2023-11-02 01:28:39', '2023-11-02 01:28:39'),
(227, 79, 8, 0, '2023-11-02 01:28:39', '2023-11-02 01:28:39'),
(228, 79, 9, 0, '2023-11-02 01:28:39', '2023-11-02 01:28:39'),
(229, 80, 1, 0, '2023-11-02 01:57:05', '2023-11-02 01:57:05'),
(230, 80, 2, 0, '2023-11-02 01:57:06', '2023-11-02 01:57:06'),
(231, 80, 4, 0, '2023-11-02 01:57:06', '2023-11-02 01:57:06'),
(232, 80, 7, 0, '2023-11-02 01:57:06', '2023-11-02 01:57:06'),
(233, 80, 8, 0, '2023-11-02 01:57:07', '2023-11-02 01:57:07'),
(234, 80, 9, 0, '2023-11-02 01:57:07', '2023-11-02 01:57:07'),
(235, 81, 1, 0, '2023-11-02 01:57:21', '2023-11-02 01:57:21'),
(236, 81, 2, 0, '2023-11-02 01:57:22', '2023-11-02 01:57:22'),
(237, 81, 4, 0, '2023-11-02 01:57:24', '2023-11-02 01:57:24'),
(238, 81, 7, 0, '2023-11-02 01:57:26', '2023-11-02 01:57:26'),
(239, 81, 8, 0, '2023-11-02 01:57:26', '2023-11-02 01:57:26'),
(240, 81, 9, 0, '2023-11-02 01:57:27', '2023-11-02 01:57:27'),
(241, 82, 1, 0, '2023-11-02 01:59:25', '2023-11-02 01:59:25'),
(242, 82, 2, 0, '2023-11-02 01:59:26', '2023-11-02 01:59:26'),
(243, 82, 4, 0, '2023-11-02 01:59:26', '2023-11-02 01:59:26'),
(244, 82, 7, 0, '2023-11-02 01:59:26', '2023-11-02 01:59:26'),
(245, 82, 8, 0, '2023-11-02 01:59:27', '2023-11-02 01:59:27'),
(246, 82, 9, 0, '2023-11-02 01:59:27', '2023-11-02 01:59:27'),
(247, 83, 1, 0, '2023-11-02 02:16:37', '2023-11-02 02:16:37'),
(248, 83, 2, 0, '2023-11-02 02:16:37', '2023-11-02 02:16:37'),
(249, 83, 4, 0, '2023-11-02 02:16:37', '2023-11-02 02:16:37'),
(250, 83, 7, 0, '2023-11-02 02:16:37', '2023-11-02 02:16:37'),
(251, 83, 8, 0, '2023-11-02 02:16:37', '2023-11-02 02:16:37'),
(252, 83, 9, 0, '2023-11-02 02:16:38', '2023-11-02 02:16:38'),
(253, 84, 10, 0, '2023-11-02 14:12:32', '2023-11-02 14:12:32'),
(254, 85, 10, 0, '2023-11-02 14:16:22', '2023-11-02 14:16:22'),
(255, 86, 1, 0, '2023-11-02 14:19:35', '2023-11-02 14:19:35'),
(256, 86, 2, 0, '2023-11-02 14:19:35', '2023-11-02 14:19:35'),
(257, 86, 4, 0, '2023-11-02 14:19:35', '2023-11-02 14:19:35'),
(258, 86, 7, 0, '2023-11-02 14:19:35', '2023-11-02 14:19:35'),
(259, 86, 8, 0, '2023-11-02 14:19:35', '2023-11-02 14:19:35'),
(260, 86, 9, 0, '2023-11-02 14:19:35', '2023-11-02 14:19:35'),
(261, 87, 1, 0, '2023-11-02 14:19:54', '2023-11-02 14:19:54'),
(262, 87, 2, 0, '2023-11-02 14:19:54', '2023-11-02 14:19:54'),
(263, 87, 4, 0, '2023-11-02 14:19:54', '2023-11-02 14:19:54'),
(264, 87, 7, 0, '2023-11-02 14:19:54', '2023-11-02 14:19:54'),
(265, 87, 8, 0, '2023-11-02 14:19:54', '2023-11-02 14:19:54'),
(266, 87, 9, 0, '2023-11-02 14:19:54', '2023-11-02 14:19:54'),
(267, 88, 1, 0, '2023-11-02 14:19:54', '2023-11-02 14:19:54'),
(268, 88, 2, 0, '2023-11-02 14:19:54', '2023-11-02 14:19:54'),
(269, 88, 4, 0, '2023-11-02 14:19:54', '2023-11-02 14:19:54'),
(270, 88, 7, 0, '2023-11-02 14:19:54', '2023-11-02 14:19:54'),
(271, 88, 8, 0, '2023-11-02 14:19:54', '2023-11-02 14:19:54'),
(272, 88, 9, 0, '2023-11-02 14:19:54', '2023-11-02 14:19:54'),
(273, 89, 1, 0, '2023-11-02 14:20:52', '2023-11-02 14:20:52'),
(274, 89, 2, 0, '2023-11-02 14:20:52', '2023-11-02 14:20:52'),
(275, 89, 4, 0, '2023-11-02 14:20:52', '2023-11-02 14:20:52'),
(276, 89, 7, 0, '2023-11-02 14:20:52', '2023-11-02 14:20:52'),
(277, 89, 8, 0, '2023-11-02 14:20:52', '2023-11-02 14:20:52'),
(278, 89, 9, 0, '2023-11-02 14:20:52', '2023-11-02 14:20:52'),
(279, 90, 1, 0, '2023-11-02 14:20:52', '2023-11-02 14:20:52'),
(280, 90, 2, 0, '2023-11-02 14:20:52', '2023-11-02 14:20:52'),
(281, 90, 4, 0, '2023-11-02 14:20:52', '2023-11-02 14:20:52'),
(282, 90, 7, 0, '2023-11-02 14:20:52', '2023-11-02 14:20:52'),
(283, 90, 8, 1, '2023-11-02 14:20:52', '2023-11-02 14:21:35'),
(284, 90, 9, 0, '2023-11-02 14:20:52', '2023-11-02 14:20:52'),
(285, 91, 1, 0, '2023-11-02 14:20:53', '2023-11-02 14:20:53'),
(286, 91, 2, 0, '2023-11-02 14:20:53', '2023-11-02 14:20:53'),
(287, 91, 4, 0, '2023-11-02 14:20:53', '2023-11-02 14:20:53'),
(288, 91, 7, 0, '2023-11-02 14:20:53', '2023-11-02 14:20:53'),
(289, 91, 8, 0, '2023-11-02 14:20:53', '2023-11-02 14:20:53'),
(290, 91, 9, 0, '2023-11-02 14:20:53', '2023-11-02 14:20:53'),
(291, 92, 1, 0, '2023-11-02 14:23:38', '2023-11-02 14:23:38'),
(292, 92, 2, 0, '2023-11-02 14:23:39', '2023-11-02 14:23:39'),
(293, 92, 4, 0, '2023-11-02 14:23:39', '2023-11-02 14:23:39'),
(294, 92, 7, 0, '2023-11-02 14:23:39', '2023-11-02 14:23:39'),
(295, 92, 8, 0, '2023-11-02 14:23:39', '2023-11-02 14:23:39'),
(296, 92, 9, 0, '2023-11-02 14:23:39', '2023-11-02 14:23:39'),
(297, 93, 10, 0, '2023-11-02 14:24:27', '2023-11-02 14:24:27'),
(298, 94, 1, 0, '2023-11-02 14:24:58', '2023-11-02 14:24:58'),
(299, 94, 2, 0, '2023-11-02 14:24:58', '2023-11-02 14:24:58'),
(300, 94, 4, 0, '2023-11-02 14:24:58', '2023-11-02 14:24:58'),
(301, 94, 7, 0, '2023-11-02 14:24:58', '2023-11-02 14:24:58'),
(302, 94, 8, 0, '2023-11-02 14:24:58', '2023-11-02 14:24:58'),
(303, 94, 9, 0, '2023-11-02 14:24:58', '2023-11-02 14:24:58'),
(304, 95, 1, 0, '2023-11-02 14:26:03', '2023-11-02 14:26:03'),
(305, 95, 2, 0, '2023-11-02 14:26:03', '2023-11-02 14:26:03'),
(306, 95, 4, 0, '2023-11-02 14:26:03', '2023-11-02 14:26:03'),
(307, 95, 7, 0, '2023-11-02 14:26:03', '2023-11-02 14:26:03'),
(308, 95, 8, 0, '2023-11-02 14:26:03', '2023-11-02 14:26:03'),
(309, 95, 9, 0, '2023-11-02 14:26:03', '2023-11-02 14:26:03'),
(310, 96, 1, 0, '2023-11-02 14:29:21', '2023-11-02 14:29:21'),
(311, 96, 2, 0, '2023-11-02 14:29:21', '2023-11-02 14:29:21'),
(312, 96, 4, 0, '2023-11-02 14:29:21', '2023-11-02 14:29:21'),
(313, 96, 7, 0, '2023-11-02 14:29:21', '2023-11-02 14:29:21'),
(314, 96, 8, 0, '2023-11-02 14:29:21', '2023-11-02 14:29:21'),
(315, 96, 9, 0, '2023-11-02 14:29:21', '2023-11-02 14:29:21'),
(316, 97, 1, 0, '2023-11-02 14:46:48', '2023-11-02 14:46:48'),
(317, 97, 2, 0, '2023-11-02 14:46:48', '2023-11-02 14:46:48'),
(318, 97, 4, 0, '2023-11-02 14:46:48', '2023-11-02 14:46:48'),
(319, 97, 7, 0, '2023-11-02 14:46:48', '2023-11-02 14:46:48'),
(320, 97, 8, 0, '2023-11-02 14:46:48', '2023-11-02 14:46:48'),
(321, 97, 9, 0, '2023-11-02 14:46:48', '2023-11-02 14:46:48'),
(322, 98, 1, 0, '2023-11-02 14:46:52', '2023-11-02 14:46:52'),
(323, 98, 2, 0, '2023-11-02 14:46:52', '2023-11-02 14:46:52'),
(324, 98, 4, 0, '2023-11-02 14:46:52', '2023-11-02 14:46:52'),
(325, 98, 7, 0, '2023-11-02 14:46:52', '2023-11-02 14:46:52'),
(326, 98, 8, 1, '2023-11-02 14:46:52', '2023-11-02 14:49:15'),
(327, 98, 9, 0, '2023-11-02 14:46:52', '2023-11-02 14:46:52'),
(328, 99, 10, 1, '2023-11-02 17:35:31', '2023-11-02 17:35:53'),
(329, 100, 1, 0, '2023-11-02 17:36:11', '2023-11-02 17:36:11'),
(330, 100, 2, 0, '2023-11-02 17:36:11', '2023-11-02 17:36:11'),
(331, 100, 4, 0, '2023-11-02 17:36:11', '2023-11-02 17:36:11'),
(332, 100, 7, 0, '2023-11-02 17:36:11', '2023-11-02 17:36:11'),
(333, 100, 8, 0, '2023-11-02 17:36:11', '2023-11-02 17:36:11'),
(334, 100, 9, 0, '2023-11-02 17:36:11', '2023-11-02 17:36:11'),
(335, 101, 1, 0, '2023-11-02 17:38:58', '2023-11-02 17:38:58'),
(336, 101, 2, 0, '2023-11-02 17:38:58', '2023-11-02 17:38:58'),
(337, 101, 4, 0, '2023-11-02 17:38:58', '2023-11-02 17:38:58'),
(338, 101, 7, 0, '2023-11-02 17:38:59', '2023-11-02 17:38:59'),
(339, 101, 8, 0, '2023-11-02 17:38:59', '2023-11-02 17:38:59'),
(340, 101, 9, 0, '2023-11-02 17:38:59', '2023-11-02 17:38:59'),
(341, 102, 1, 0, '2023-11-08 03:09:43', '2023-11-08 03:09:43'),
(342, 102, 2, 0, '2023-11-08 03:09:43', '2023-11-08 03:09:43'),
(343, 102, 4, 0, '2023-11-08 03:09:43', '2023-11-08 03:09:43'),
(344, 102, 7, 0, '2023-11-08 03:09:43', '2023-11-08 03:09:43'),
(345, 102, 8, 0, '2023-11-08 03:09:43', '2023-11-08 03:09:43'),
(346, 102, 9, 0, '2023-11-08 03:09:43', '2023-11-08 03:09:43'),
(347, 103, 1, 0, '2023-11-08 03:11:38', '2023-11-08 03:11:38'),
(348, 103, 2, 0, '2023-11-08 03:11:38', '2023-11-08 03:11:38'),
(349, 103, 4, 0, '2023-11-08 03:11:38', '2023-11-08 03:11:38'),
(350, 103, 7, 0, '2023-11-08 03:11:38', '2023-11-08 03:11:38'),
(351, 103, 8, 0, '2023-11-08 03:11:38', '2023-11-08 03:11:38'),
(352, 103, 9, 0, '2023-11-08 03:11:38', '2023-11-08 03:11:38'),
(353, 104, 1, 0, '2023-11-27 19:57:31', '2023-11-27 19:57:31'),
(354, 104, 2, 0, '2023-11-27 19:57:31', '2023-11-27 19:57:31'),
(355, 104, 4, 0, '2023-11-27 19:57:31', '2023-11-27 19:57:31'),
(356, 104, 7, 0, '2023-11-27 19:57:31', '2023-11-27 19:57:31'),
(357, 104, 8, 0, '2023-11-27 19:57:31', '2023-11-27 19:57:31'),
(358, 104, 9, 0, '2023-11-27 19:57:31', '2023-11-27 19:57:31'),
(359, 105, 1, 0, '2023-11-27 20:00:39', '2023-11-27 20:00:39'),
(360, 105, 2, 0, '2023-11-27 20:00:39', '2023-11-27 20:00:39'),
(361, 105, 4, 0, '2023-11-27 20:00:39', '2023-11-27 20:00:39'),
(362, 105, 7, 0, '2023-11-27 20:00:39', '2023-11-27 20:00:39'),
(363, 105, 8, 0, '2023-11-27 20:00:39', '2023-11-27 20:00:39'),
(364, 105, 9, 0, '2023-11-27 20:00:39', '2023-11-27 20:00:39'),
(365, 106, 1, 0, '2023-11-27 20:00:59', '2023-11-27 20:00:59'),
(366, 106, 2, 0, '2023-11-27 20:00:59', '2023-11-27 20:00:59'),
(367, 106, 4, 0, '2023-11-27 20:00:59', '2023-11-27 20:00:59'),
(368, 106, 7, 0, '2023-11-27 20:00:59', '2023-11-27 20:00:59'),
(369, 106, 8, 0, '2023-11-27 20:00:59', '2023-11-27 20:00:59'),
(370, 106, 9, 0, '2023-11-27 20:00:59', '2023-11-27 20:00:59'),
(371, 107, 1, 0, '2023-11-27 20:02:09', '2023-11-27 20:02:09'),
(372, 107, 2, 0, '2023-11-27 20:02:09', '2023-11-27 20:02:09'),
(373, 107, 4, 0, '2023-11-27 20:02:09', '2023-11-27 20:02:09'),
(374, 107, 7, 0, '2023-11-27 20:02:09', '2023-11-27 20:02:09'),
(375, 107, 8, 0, '2023-11-27 20:02:09', '2023-11-27 20:02:09'),
(376, 107, 9, 0, '2023-11-27 20:02:09', '2023-11-27 20:02:09'),
(377, 108, 1, 0, '2023-11-27 20:20:22', '2023-11-27 20:20:22'),
(378, 108, 2, 0, '2023-11-27 20:20:22', '2023-11-27 20:20:22'),
(379, 108, 4, 0, '2023-11-27 20:20:22', '2023-11-27 20:20:22'),
(380, 108, 7, 0, '2023-11-27 20:20:22', '2023-11-27 20:20:22'),
(381, 108, 8, 0, '2023-11-27 20:20:22', '2023-11-27 20:20:22'),
(382, 108, 9, 0, '2023-11-27 20:20:22', '2023-11-27 20:20:22'),
(383, 109, 1, 0, '2023-11-27 20:24:26', '2023-11-27 20:24:26'),
(384, 109, 2, 0, '2023-11-27 20:24:26', '2023-11-27 20:24:26'),
(385, 109, 4, 0, '2023-11-27 20:24:26', '2023-11-27 20:24:26'),
(386, 109, 7, 0, '2023-11-27 20:24:26', '2023-11-27 20:24:26'),
(387, 109, 8, 0, '2023-11-27 20:24:26', '2023-11-27 20:24:26'),
(388, 109, 9, 0, '2023-11-27 20:24:26', '2023-11-27 20:24:26');

-- --------------------------------------------------------

--
-- Estructura de tabla para la tabla `obras`
--

CREATE TABLE `obras` (
  `id` bigint UNSIGNED NOT NULL,
  `nombre` varchar(255) CHARACTER SET utf8mb4 COLLATE utf8mb4_unicode_ci NOT NULL,
  `jefe_id` bigint UNSIGNED DEFAULT NULL,
  `auxiliar_id` bigint UNSIGNED DEFAULT NULL,
  `fecha_obra` date DEFAULT NULL,
  `descripcion` varchar(255) CHARACTER SET utf8mb4 COLLATE utf8mb4_unicode_ci DEFAULT NULL,
  `check_jefe` int NOT NULL DEFAULT '0',
  `check_aux` int NOT NULL DEFAULT '0',
  `estado` varchar(255) CHARACTER SET utf8mb4 COLLATE utf8mb4_unicode_ci NOT NULL DEFAULT 'POR INICIAR',
  `created_at` timestamp NULL DEFAULT NULL,
  `updated_at` timestamp NULL DEFAULT NULL
) ENGINE=InnoDB DEFAULT CHARSET=utf8mb4 COLLATE=utf8mb4_unicode_ci;

--
-- Volcado de datos para la tabla `obras`
--

INSERT INTO `obras` (`id`, `nombre`, `jefe_id`, `auxiliar_id`, `fecha_obra`, `descripcion`, `check_jefe`, `check_aux`, `estado`, `created_at`, `updated_at`) VALUES
(1, 'OBRA 1', 10, 9, '2023-07-10', 'PRUEBA ASIGNACION FECHA, JEFE DE OBRA Y AUXILIAR', 0, 0, 'EN PROCONCESO', '2021-08-04 20:16:28', '2023-11-02 02:07:07'),
(2, 'OBRA 2', 3, 2, '2023-07-21', 'PRUEBA #2 ASIGNACION POR MODIFICACION', 0, 0, 'POR INICIAR', '2021-08-04 20:16:31', '2023-07-11 22:54:49'),
(3, 'OBRA 3', 3, 2, '2023-07-31', '', 0, 0, 'POR INICIAR', '2021-08-04 20:16:31', '2023-07-10 19:30:10'),
(4, 'OBRA #4', 6, 2, '2023-07-15', 'NUEVA OBRA', 0, 0, 'POR INICIAR', '2023-07-10 19:30:31', '2023-07-10 19:31:38'),
(5, 'COPIA OBRA 1', 3, 2, '2023-07-10', 'PRUEBA ASIGNACION FECHA, JEFE DE OBRA Y AUXILIAR', 0, 0, 'POR INICIAR', '2023-07-13 15:00:02', '2023-07-13 15:00:51'),
(6, 'MEDLOG', 10, 9, '2023-11-01', 'DEPOSITO DE 3 PISOS CON GARAGE UBICADO EN CALLE LOAYZA', 0, 0, 'CONCLUIDA', '2023-11-02 01:17:59', '2023-11-02 02:16:10'),
(7, 'EDIFICIO MONTERO', 10, 9, '2023-11-02', 'EDIFICIO DE 5 PISOS EN LA AV. BUCH', 1, 1, 'EN PROCESO', '2023-11-02 14:10:47', '2023-11-02 17:34:21');

-- --------------------------------------------------------

--
-- Estructura de tabla para la tabla `obra_herramientas`
--

CREATE TABLE `obra_herramientas` (
  `id` bigint UNSIGNED NOT NULL,
  `obra_id` bigint UNSIGNED NOT NULL,
  `herramienta_id` bigint UNSIGNED NOT NULL,
  `solicitud_herramienta_id` bigint UNSIGNED NOT NULL,
  `fecha_registro` date NOT NULL,
  `fecha_fin` date DEFAULT NULL,
  `estado` int NOT NULL,
  `created_at` timestamp NULL DEFAULT NULL,
  `updated_at` timestamp NULL DEFAULT NULL
) ENGINE=InnoDB DEFAULT CHARSET=utf8mb4 COLLATE=utf8mb4_unicode_ci;

--
-- Volcado de datos para la tabla `obra_herramientas`
--

INSERT INTO `obra_herramientas` (`id`, `obra_id`, `herramienta_id`, `solicitud_herramienta_id`, `fecha_registro`, `fecha_fin`, `estado`, `created_at`, `updated_at`) VALUES
(8, 1, 2, 4, '2023-07-12', NULL, 1, '2023-07-12 22:06:20', '2023-07-12 22:06:20'),
(9, 2, 1, 5, '2023-07-20', NULL, 1, '2023-07-20 16:30:00', '2023-07-20 16:30:00'),
(10, 6, 3, 6, '2023-11-01', NULL, 1, '2023-11-02 01:25:44', '2023-11-02 01:25:44'),
(11, 7, 4, 8, '2023-11-02', NULL, 1, '2023-11-02 17:36:11', '2023-11-02 17:36:11');

-- --------------------------------------------------------

--
-- Estructura de tabla para la tabla `obra_herramienta_usos`
--

CREATE TABLE `obra_herramienta_usos` (
  `id` bigint UNSIGNED NOT NULL,
  `obra_id` bigint UNSIGNED NOT NULL,
  `obra_herramienta_id` bigint UNSIGNED NOT NULL,
  `herramienta_id` bigint UNSIGNED NOT NULL,
  `total_almacen` double NOT NULL,
  `total_uso` double NOT NULL,
  `created_at` timestamp NULL DEFAULT NULL,
  `updated_at` timestamp NULL DEFAULT NULL
) ENGINE=InnoDB DEFAULT CHARSET=utf8mb4 COLLATE=utf8mb4_unicode_ci;

--
-- Volcado de datos para la tabla `obra_herramienta_usos`
--

INSERT INTO `obra_herramienta_usos` (`id`, `obra_id`, `obra_herramienta_id`, `herramienta_id`, `total_almacen`, `total_uso`, `created_at`, `updated_at`) VALUES
(1, 1, 8, 2, 0, 14, '2023-07-13 01:15:36', '2023-07-13 15:16:30'),
(2, 6, 10, 3, 0, 24, '2023-11-02 01:57:05', '2023-11-02 14:46:52');

-- --------------------------------------------------------

--
-- Estructura de tabla para la tabla `obra_personals`
--

CREATE TABLE `obra_personals` (
  `id` bigint UNSIGNED NOT NULL,
  `obra_id` bigint UNSIGNED NOT NULL,
  `personal_id` bigint UNSIGNED NOT NULL,
  `solicitud_personal_id` bigint UNSIGNED NOT NULL,
  `fecha_registro` date NOT NULL,
  `created_at` timestamp NULL DEFAULT NULL,
  `updated_at` timestamp NULL DEFAULT NULL
) ENGINE=InnoDB DEFAULT CHARSET=utf8mb4 COLLATE=utf8mb4_unicode_ci;

--
-- Volcado de datos para la tabla `obra_personals`
--

INSERT INTO `obra_personals` (`id`, `obra_id`, `personal_id`, `solicitud_personal_id`, `fecha_registro`, `created_at`, `updated_at`) VALUES
(6, 1, 1, 5, '2023-07-12', '2023-07-12 21:47:47', '2023-07-12 21:47:47'),
(7, 2, 1, 7, '2023-07-20', '2023-07-20 16:30:11', '2023-07-20 16:30:11'),
(8, 6, 5, 8, '2023-11-01', '2023-11-02 01:27:43', '2023-11-02 01:27:43');

-- --------------------------------------------------------

--
-- Estructura de tabla para la tabla `personals`
--

CREATE TABLE `personals` (
  `id` bigint UNSIGNED NOT NULL,
  `nombre` varchar(155) CHARACTER SET utf8mb4 COLLATE utf8mb4_unicode_ci NOT NULL,
  `paterno` varchar(155) CHARACTER SET utf8mb4 COLLATE utf8mb4_unicode_ci NOT NULL,
  `materno` varchar(155) CHARACTER SET utf8mb4 COLLATE utf8mb4_unicode_ci NOT NULL,
  `ci` varchar(155) CHARACTER SET utf8mb4 COLLATE utf8mb4_unicode_ci NOT NULL,
  `ci_exp` varchar(155) CHARACTER SET utf8mb4 COLLATE utf8mb4_unicode_ci NOT NULL,
  `cel` varchar(155) CHARACTER SET utf8mb4 COLLATE utf8mb4_unicode_ci DEFAULT NULL,
  `domicilio` varchar(155) CHARACTER SET utf8mb4 COLLATE utf8mb4_unicode_ci NOT NULL,
  `familiar_referencia` varchar(255) CHARACTER SET utf8mb4 COLLATE utf8mb4_unicode_ci NOT NULL,
  `fono_familiar` varchar(155) CHARACTER SET utf8mb4 COLLATE utf8mb4_unicode_ci NOT NULL,
  `cel_familiar` varchar(155) CHARACTER SET utf8mb4 COLLATE utf8mb4_unicode_ci NOT NULL,
  `foto` varchar(155) CHARACTER SET utf8mb4 COLLATE utf8mb4_unicode_ci NOT NULL,
  `cargo` varchar(255) CHARACTER SET utf8mb4 COLLATE utf8mb4_unicode_ci DEFAULT NULL,
  `habilitado` int DEFAULT NULL,
  `fecha_registro` date NOT NULL,
  `estado` int NOT NULL,
  `created_at` timestamp NULL DEFAULT NULL,
  `updated_at` timestamp NULL DEFAULT NULL
) ENGINE=InnoDB DEFAULT CHARSET=utf8mb4 COLLATE=utf8mb4_unicode_ci;

--
-- Volcado de datos para la tabla `personals`
--

INSERT INTO `personals` (`id`, `nombre`, `paterno`, `materno`, `ci`, `ci_exp`, `cel`, `domicilio`, `familiar_referencia`, `fono_familiar`, `cel_familiar`, `foto`, `cargo`, `habilitado`, `fecha_registro`, `estado`, `created_at`, `updated_at`) VALUES
(1, 'PEDRO', 'MAMANI', '', '4566', 'LP', '78945612', 'ZONA LOS OLIVOS CALLE 3 #3232', '', '', '', 'PEDRO1701114896.jpg', 'CARGO #1', 1, '2021-08-04', 1, '2021-08-04 20:25:07', '2023-11-27 19:54:56'),
(2, 'JUAN', 'PERES', '', '2222', 'LP', '', 'LOS OLIVOS', '', '', '', 'user_default.png', 'CARGO #1', 1, '2023-07-10', 1, '2023-07-10 16:25:23', '2023-07-10 16:30:51'),
(3, 'CARLOS', 'GONZALES', 'MARTINEZ', '3333', 'CB', '', 'LOS OLIVOS', '', '', '', 'user_default.png', 'CARGO #2', 1, '2023-07-10', 1, '2023-07-10 16:30:36', '2023-07-10 16:30:36'),
(4, 'SANDRO', 'MAMANI', 'MAMANI', '4444', 'CB', '', 'LOS OLIVOS', '', '', '', 'user_default.png', 'CARGO #3', 0, '2023-07-10', 1, '2023-07-10 16:31:19', '2023-07-10 16:31:19'),
(5, 'ESEQUIEL', 'CHAMBI', 'CHOQUE', '23456789', 'LP', '12738490', 'CRUCE DE VILLA ARMONIA', 'JULIO SUAREZ', '1237984', '37289', 'ESEQUIEL1698887212.png', 'PLOMERO', 1, '2023-11-01', 1, '2023-11-02 01:06:52', '2023-11-02 01:06:52'),
(6, 'JAIME', 'GONZLAES', 'GONZALES', '1234', 'CB', '', 'LOS OLIVOS', '', '', '', 'JAIME1701114938.png', 'CARGO', 1, '2023-11-27', 0, '2023-11-27 19:55:38', '2023-11-27 19:56:16');

-- --------------------------------------------------------

--
-- Estructura de tabla para la tabla `razon_socials`
--

CREATE TABLE `razon_socials` (
  `id` bigint UNSIGNED NOT NULL,
  `nombre` varchar(155) CHARACTER SET utf8mb4 COLLATE utf8mb4_unicode_ci NOT NULL,
  `alias` varchar(155) CHARACTER SET utf8mb4 COLLATE utf8mb4_unicode_ci DEFAULT NULL,
  `ciudad` varchar(155) CHARACTER SET utf8mb4 COLLATE utf8mb4_unicode_ci NOT NULL,
  `dir` varchar(155) CHARACTER SET utf8mb4 COLLATE utf8mb4_unicode_ci NOT NULL,
  `nit` varchar(155) CHARACTER SET utf8mb4 COLLATE utf8mb4_unicode_ci DEFAULT NULL,
  `nro_aut` varchar(155) CHARACTER SET utf8mb4 COLLATE utf8mb4_unicode_ci DEFAULT NULL,
  `fono` varchar(155) CHARACTER SET utf8mb4 COLLATE utf8mb4_unicode_ci NOT NULL,
  `cel` varchar(155) CHARACTER SET utf8mb4 COLLATE utf8mb4_unicode_ci NOT NULL,
  `casilla` varchar(155) CHARACTER SET utf8mb4 COLLATE utf8mb4_unicode_ci DEFAULT NULL,
  `correo` varchar(155) CHARACTER SET utf8mb4 COLLATE utf8mb4_unicode_ci DEFAULT NULL,
  `web` varchar(155) CHARACTER SET utf8mb4 COLLATE utf8mb4_unicode_ci DEFAULT NULL,
  `logo` varchar(155) CHARACTER SET utf8mb4 COLLATE utf8mb4_unicode_ci DEFAULT NULL,
  `actividad_economica` varchar(155) CHARACTER SET utf8mb4 COLLATE utf8mb4_unicode_ci NOT NULL,
  `created_at` timestamp NULL DEFAULT NULL,
  `updated_at` timestamp NULL DEFAULT NULL
) ENGINE=InnoDB DEFAULT CHARSET=utf8mb4 COLLATE=utf8mb4_unicode_ci;

--
-- Volcado de datos para la tabla `razon_socials`
--

INSERT INTO `razon_socials` (`id`, `nombre`, `alias`, `ciudad`, `dir`, `nit`, `nro_aut`, `fono`, `cel`, `casilla`, `correo`, `web`, `logo`, `actividad_economica`, `created_at`, `updated_at`) VALUES
(1, 'CONSTRUCTORA APARICIO PALMA LTDA.', 'APARICIO PALMA LTDA.', 'LA PAZ', 'ZONACENTRAL CALLE 3 #3232', '221027289', '76345', '2665245', '76522458', '23', 'APARICIOCONSTRUC@PALMA.COM', 'APARICIO_PALMA@GMAIL.COM', 'logo1698891874.jpg', 'CONSTRUCCION EDIFICIOS Y CARRETERA', '2021-07-30 18:15:44', '2023-11-02 02:24:34');

-- --------------------------------------------------------

--
-- Estructura de tabla para la tabla `solicitud_herramientas`
--

CREATE TABLE `solicitud_herramientas` (
  `id` bigint UNSIGNED NOT NULL,
  `solicitud_obra_id` bigint UNSIGNED NOT NULL,
  `herramienta_id` bigint UNSIGNED NOT NULL,
  `dias_uso` int NOT NULL,
  `fecha_asignacion` date NOT NULL,
  `fecha_finalizacion` date NOT NULL,
  `ingreso` int NOT NULL,
  `aprobado` int NOT NULL,
  `created_at` timestamp NULL DEFAULT NULL,
  `updated_at` timestamp NULL DEFAULT NULL
) ENGINE=InnoDB DEFAULT CHARSET=utf8mb4 COLLATE=utf8mb4_unicode_ci;

--
-- Volcado de datos para la tabla `solicitud_herramientas`
--

INSERT INTO `solicitud_herramientas` (`id`, `solicitud_obra_id`, `herramienta_id`, `dias_uso`, `fecha_asignacion`, `fecha_finalizacion`, `ingreso`, `aprobado`, `created_at`, `updated_at`) VALUES
(4, 2, 2, 10, '2023-07-12', '2023-07-22', 0, 1, '2023-07-11 22:06:42', '2023-11-02 01:13:11'),
(5, 4, 1, 10, '2023-07-20', '2023-07-30', 0, 1, '2023-07-20 15:59:08', '2023-07-20 15:59:19'),
(6, 5, 3, 5, '2023-11-06', '2023-11-13', 0, 1, '2023-11-02 01:22:37', '2023-11-02 01:22:37'),
(8, 6, 4, 10, '2023-11-02', '2023-11-13', 0, 1, '2023-11-02 17:35:31', '2023-11-02 17:35:31');

-- --------------------------------------------------------

--
-- Estructura de tabla para la tabla `solicitud_materials`
--

CREATE TABLE `solicitud_materials` (
  `id` bigint UNSIGNED NOT NULL,
  `solicitud_obra_id` bigint UNSIGNED NOT NULL,
  `material_id` bigint UNSIGNED NOT NULL,
  `cantidad` double(24,2) NOT NULL,
  `cantidad_usada` double(24,2) NOT NULL,
  `aprobado` int NOT NULL,
  `created_at` timestamp NULL DEFAULT NULL,
  `updated_at` timestamp NULL DEFAULT NULL
) ENGINE=InnoDB DEFAULT CHARSET=utf8mb4 COLLATE=utf8mb4_unicode_ci;

--
-- Volcado de datos para la tabla `solicitud_materials`
--

INSERT INTO `solicitud_materials` (`id`, `solicitud_obra_id`, `material_id`, `cantidad`, `cantidad_usada`, `aprobado`, `created_at`, `updated_at`) VALUES
(5, 2, 1, 1000.00, 1000.00, 1, '2023-07-11 22:06:42', '2023-11-02 01:14:11'),
(7, 3, 1, 10.00, 0.00, 1, '2023-07-13 15:00:02', '2023-11-02 00:56:16'),
(8, 3, 2, 20.00, 0.00, 1, '2023-07-13 15:00:02', '2023-11-02 00:56:16'),
(9, 4, 1, 30.00, 30.00, 1, '2023-07-20 15:59:08', '2023-07-20 16:04:40'),
(12, 5, 1, 1000.00, 1000.00, 1, '2023-11-02 01:22:36', '2023-11-02 01:25:16'),
(13, 5, 2, 1000.00, 1000.00, 1, '2023-11-02 01:22:36', '2023-11-02 01:25:16'),
(14, 5, 3, 1000.00, 1000.00, 1, '2023-11-02 01:22:36', '2023-11-02 01:25:16'),
(15, 5, 4, 50.00, 50.00, 1, '2023-11-02 01:22:37', '2023-11-02 01:25:16'),
(20, 6, 4, 1000.00, 0.00, 0, '2023-11-02 17:38:58', '2023-11-02 17:38:58');

-- --------------------------------------------------------

--
-- Estructura de tabla para la tabla `solicitud_notas`
--

CREATE TABLE `solicitud_notas` (
  `id` bigint UNSIGNED NOT NULL,
  `solicitud_obra_id` bigint UNSIGNED NOT NULL,
  `nota` text CHARACTER SET utf8mb4 COLLATE utf8mb4_unicode_ci NOT NULL,
  `created_at` timestamp NULL DEFAULT NULL,
  `updated_at` timestamp NULL DEFAULT NULL
) ENGINE=InnoDB DEFAULT CHARSET=utf8mb4 COLLATE=utf8mb4_unicode_ci;

-- --------------------------------------------------------

--
-- Estructura de tabla para la tabla `solicitud_obras`
--

CREATE TABLE `solicitud_obras` (
  `id` bigint UNSIGNED NOT NULL,
  `obra_id` bigint UNSIGNED NOT NULL,
  `aprobado` int NOT NULL,
  `fecha_registro` date NOT NULL,
  `created_at` timestamp NULL DEFAULT NULL,
  `updated_at` timestamp NULL DEFAULT NULL
) ENGINE=InnoDB DEFAULT CHARSET=utf8mb4 COLLATE=utf8mb4_unicode_ci;

--
-- Volcado de datos para la tabla `solicitud_obras`
--

INSERT INTO `solicitud_obras` (`id`, `obra_id`, `aprobado`, `fecha_registro`, `created_at`, `updated_at`) VALUES
(2, 1, 1, '2023-11-01', '2023-07-11 22:06:42', '2023-11-02 01:13:11'),
(3, 5, 1, '2023-07-13', '2023-07-13 15:00:02', '2023-11-02 00:56:16'),
(4, 2, 1, '2023-07-20', '2023-07-20 15:59:08', '2023-07-20 15:59:19'),
(5, 6, 1, '2023-11-01', '2023-11-02 01:22:36', '2023-11-02 01:22:36'),
(6, 7, 0, '2023-11-02', '2023-11-02 14:12:31', '2023-11-02 17:38:58');

-- --------------------------------------------------------

--
-- Estructura de tabla para la tabla `solicitud_personals`
--

CREATE TABLE `solicitud_personals` (
  `id` bigint UNSIGNED NOT NULL,
  `solicitud_obra_id` bigint UNSIGNED NOT NULL,
  `personal_id` bigint UNSIGNED NOT NULL,
  `ingreso` int NOT NULL,
  `aprobado` int NOT NULL,
  `created_at` timestamp NULL DEFAULT NULL,
  `updated_at` timestamp NULL DEFAULT NULL
) ENGINE=InnoDB DEFAULT CHARSET=utf8mb4 COLLATE=utf8mb4_unicode_ci;

--
-- Volcado de datos para la tabla `solicitud_personals`
--

INSERT INTO `solicitud_personals` (`id`, `solicitud_obra_id`, `personal_id`, `ingreso`, `aprobado`, `created_at`, `updated_at`) VALUES
(5, 2, 1, 0, 1, '2023-07-11 22:06:42', '2023-11-02 01:13:11'),
(6, 3, 1, 0, 1, '2023-07-13 15:00:02', '2023-11-02 00:56:16'),
(7, 4, 1, 0, 1, '2023-07-20 15:59:08', '2023-07-20 15:59:19'),
(8, 5, 5, 0, 1, '2023-11-02 01:22:37', '2023-11-02 01:22:37'),
(11, 6, 2, 0, 0, '2023-11-02 17:38:58', '2023-11-02 17:38:58');

-- --------------------------------------------------------

--
-- Estructura de tabla para la tabla `users`
--

CREATE TABLE `users` (
  `id` bigint UNSIGNED NOT NULL,
  `name` varchar(155) CHARACTER SET utf8mb4 COLLATE utf8mb4_unicode_ci NOT NULL,
  `password` varchar(255) CHARACTER SET utf8mb4 COLLATE utf8mb4_unicode_ci NOT NULL,
  `tipo` enum('ADMINISTRADOR','AUXILIAR','JEFE DE OBRA','CONTROL') CHARACTER SET utf8mb4 COLLATE utf8mb4_unicode_ci NOT NULL,
  `foto` varchar(255) CHARACTER SET utf8mb4 COLLATE utf8mb4_unicode_ci NOT NULL,
  `nro_usuario` bigint NOT NULL,
  `estado` int NOT NULL,
  `created_at` timestamp NULL DEFAULT NULL,
  `updated_at` timestamp NULL DEFAULT NULL
) ENGINE=InnoDB DEFAULT CHARSET=utf8mb4 COLLATE=utf8mb4_unicode_ci;

--
-- Volcado de datos para la tabla `users`
--

INSERT INTO `users` (`id`, `name`, `password`, `tipo`, `foto`, `nro_usuario`, `estado`, `created_at`, `updated_at`) VALUES
(1, 'admin', '$2y$10$zEpzzEvEXn12O02EosucCuNnUgri46IX7MQRYMAJdGII9xQtkDzNa', 'ADMINISTRADOR', 'user_default.png', 0, 1, '2021-07-30 18:15:44', '2021-07-30 18:15:44'),
(2, '20001', '$2y$10$glhOhNPiroA8QhTRlkeFseMYY4RHeughUW7wJh/rfPxKzX6OfkZPK', 'AUXILIAR', 'JUAN1628108150.jpg', 20001, 1, '2021-08-04 20:15:50', '2021-08-04 20:15:50'),
(3, '30001', '$2y$10$cNIfFcoQy03PXL66pZ8E4.hU6qGuylh2JkzocOJ1wZqn9fhZkkXcu', 'JEFE DE OBRA', 'MARIO1628108166.jpg', 30001, 1, '2021-08-04 20:16:06', '2021-08-04 20:16:06'),
(4, '10001', '$2y$10$RAh98dLa.MVEAEAcIki.tegdGyKvvNIFk4Qnxp.RzzsUfmizmjTzS', 'ADMINISTRADOR', 'MARIA1628108180.jpg', 10001, 1, '2021-08-04 20:16:20', '2021-08-04 20:16:20'),
(5, 'CONTROL1', '$2y$10$5ACSKe7NBwrQp7pNUunceO8VvNmqlSTfTbYMHhxxNoXLgnRPgYGo6', 'CONTROL', 'user_default.png', 0, 1, '2021-08-04 20:24:03', '2023-11-02 01:54:01'),
(6, '30002', '$2y$10$Ns7UQbPqCYGxq2W0uS.x/uGwO0nzrJEmqcGPKe1jb8sH0QWmeYatS', 'JEFE DE OBRA', 'SANTIAGO1689007127.jpg', 30002, 1, '2023-07-10 16:38:47', '2023-07-10 16:38:47'),
(7, '20002', '$2y$10$3Qk2l3pxxAlqTzpFprEspObUKsbLd4CiXGJAXuMb26Cmvi0IYgRdy', 'AUXILIAR', 'DANIEL1689007172.jpg', 20002, 1, '2023-07-10 16:39:32', '2023-07-10 16:39:32'),
(8, '10002', '$2y$10$sDCaKl4n4S.3JYrcYr/h.u9EttyJmtBsbu3JlOlklkGZc9iBET/Qy', 'ADMINISTRADOR', '100021698886410.jpeg', 10002, 1, '2023-11-02 00:50:34', '2023-11-02 00:53:30'),
(9, '20003', '$2y$10$3lH4fEC13ZHNkGXvmPK93.mBpMjN/wZ8gJk9bjifn9tfXTA0jLMFq', 'AUXILIAR', 'PAZ FELI1698886575.jpg', 20003, 1, '2023-11-02 00:56:15', '2023-11-02 00:56:15'),
(10, '30003', '$2y$10$G7RgM.ewVlSWnvPp6vWR9emd52qkXk3Gf9.mq0dBaSHBl4rxqiOTS', 'JEFE DE OBRA', 'JULIO1698886848.jpg', 30003, 1, '2023-11-02 01:00:48', '2023-11-02 01:00:48');

--
-- Índices para tablas volcadas
--

--
-- Indices de la tabla `datos_usuarios`
--
ALTER TABLE `datos_usuarios`
  ADD PRIMARY KEY (`id`),
  ADD KEY `datos_usuarios_user_id_foreign` (`user_id`);

--
-- Indices de la tabla `herramientas`
--
ALTER TABLE `herramientas`
  ADD PRIMARY KEY (`id`);

--
-- Indices de la tabla `ingreso_salidas`
--
ALTER TABLE `ingreso_salidas`
  ADD PRIMARY KEY (`id`),
  ADD KEY `ingreso_salidas_mo_id_foreign` (`mo_id`);

--
-- Indices de la tabla `materials`
--
ALTER TABLE `materials`
  ADD PRIMARY KEY (`id`);

--
-- Indices de la tabla `material_obras`
--
ALTER TABLE `material_obras`
  ADD PRIMARY KEY (`id`),
  ADD KEY `material_obras_material_id_foreign` (`material_id`),
  ADD KEY `material_obras_obra_id_foreign` (`obra_id`);

--
-- Indices de la tabla `migrations`
--
ALTER TABLE `migrations`
  ADD PRIMARY KEY (`id`);

--
-- Indices de la tabla `monitoreo_herramientas`
--
ALTER TABLE `monitoreo_herramientas`
  ADD PRIMARY KEY (`id`);

--
-- Indices de la tabla `nota_obras`
--
ALTER TABLE `nota_obras`
  ADD PRIMARY KEY (`id`),
  ADD KEY `nota_obras_obra_id_foreign` (`obra_id`);

--
-- Indices de la tabla `notificacions`
--
ALTER TABLE `notificacions`
  ADD PRIMARY KEY (`id`);

--
-- Indices de la tabla `notificacion_users`
--
ALTER TABLE `notificacion_users`
  ADD PRIMARY KEY (`id`),
  ADD KEY `notificacion_users_notificacion_id_foreign` (`notificacion_id`),
  ADD KEY `notificacion_users_user_id_foreign` (`user_id`);

--
-- Indices de la tabla `obras`
--
ALTER TABLE `obras`
  ADD PRIMARY KEY (`id`);

--
-- Indices de la tabla `obra_herramientas`
--
ALTER TABLE `obra_herramientas`
  ADD PRIMARY KEY (`id`),
  ADD KEY `obra_herramientas_obra_id_foreign` (`obra_id`);

--
-- Indices de la tabla `obra_herramienta_usos`
--
ALTER TABLE `obra_herramienta_usos`
  ADD PRIMARY KEY (`id`);

--
-- Indices de la tabla `obra_personals`
--
ALTER TABLE `obra_personals`
  ADD PRIMARY KEY (`id`),
  ADD KEY `obra_personals_obra_id_foreign` (`obra_id`),
  ADD KEY `obra_personals_personal_id_foreign` (`personal_id`);

--
-- Indices de la tabla `personals`
--
ALTER TABLE `personals`
  ADD PRIMARY KEY (`id`);

--
-- Indices de la tabla `razon_socials`
--
ALTER TABLE `razon_socials`
  ADD PRIMARY KEY (`id`);

--
-- Indices de la tabla `solicitud_herramientas`
--
ALTER TABLE `solicitud_herramientas`
  ADD PRIMARY KEY (`id`),
  ADD KEY `solicitud_herramientas_solicitud_obra_id_foreign` (`solicitud_obra_id`),
  ADD KEY `solicitud_herramientas_herramienta_id_foreign` (`herramienta_id`);

--
-- Indices de la tabla `solicitud_materials`
--
ALTER TABLE `solicitud_materials`
  ADD PRIMARY KEY (`id`),
  ADD KEY `solicitud_materials_solicitud_obra_id_foreign` (`solicitud_obra_id`),
  ADD KEY `solicitud_materials_material_id_foreign` (`material_id`);

--
-- Indices de la tabla `solicitud_notas`
--
ALTER TABLE `solicitud_notas`
  ADD PRIMARY KEY (`id`),
  ADD KEY `solicitud_notas_solicitud_obra_id_foreign` (`solicitud_obra_id`);

--
-- Indices de la tabla `solicitud_obras`
--
ALTER TABLE `solicitud_obras`
  ADD PRIMARY KEY (`id`);

--
-- Indices de la tabla `solicitud_personals`
--
ALTER TABLE `solicitud_personals`
  ADD PRIMARY KEY (`id`),
  ADD KEY `solicitud_personals_solicitud_obra_id_foreign` (`solicitud_obra_id`),
  ADD KEY `solicitud_personals_personal_id_foreign` (`personal_id`);

--
-- Indices de la tabla `users`
--
ALTER TABLE `users`
  ADD PRIMARY KEY (`id`);

--
-- AUTO_INCREMENT de las tablas volcadas
--

--
-- AUTO_INCREMENT de la tabla `datos_usuarios`
--
ALTER TABLE `datos_usuarios`
  MODIFY `id` bigint UNSIGNED NOT NULL AUTO_INCREMENT, AUTO_INCREMENT=9;

--
-- AUTO_INCREMENT de la tabla `herramientas`
--
ALTER TABLE `herramientas`
  MODIFY `id` bigint UNSIGNED NOT NULL AUTO_INCREMENT, AUTO_INCREMENT=11;

--
-- AUTO_INCREMENT de la tabla `ingreso_salidas`
--
ALTER TABLE `ingreso_salidas`
  MODIFY `id` bigint UNSIGNED NOT NULL AUTO_INCREMENT, AUTO_INCREMENT=44;

--
-- AUTO_INCREMENT de la tabla `materials`
--
ALTER TABLE `materials`
  MODIFY `id` bigint UNSIGNED NOT NULL AUTO_INCREMENT, AUTO_INCREMENT=5;

--
-- AUTO_INCREMENT de la tabla `material_obras`
--
ALTER TABLE `material_obras`
  MODIFY `id` bigint UNSIGNED NOT NULL AUTO_INCREMENT, AUTO_INCREMENT=23;

--
-- AUTO_INCREMENT de la tabla `migrations`
--
ALTER TABLE `migrations`
  MODIFY `id` int UNSIGNED NOT NULL AUTO_INCREMENT, AUTO_INCREMENT=32;

--
-- AUTO_INCREMENT de la tabla `monitoreo_herramientas`
--
ALTER TABLE `monitoreo_herramientas`
  MODIFY `id` bigint UNSIGNED NOT NULL AUTO_INCREMENT, AUTO_INCREMENT=23;

--
-- AUTO_INCREMENT de la tabla `nota_obras`
--
ALTER TABLE `nota_obras`
  MODIFY `id` bigint UNSIGNED NOT NULL AUTO_INCREMENT, AUTO_INCREMENT=6;

--
-- AUTO_INCREMENT de la tabla `notificacions`
--
ALTER TABLE `notificacions`
  MODIFY `id` bigint UNSIGNED NOT NULL AUTO_INCREMENT, AUTO_INCREMENT=110;

--
-- AUTO_INCREMENT de la tabla `notificacion_users`
--
ALTER TABLE `notificacion_users`
  MODIFY `id` bigint UNSIGNED NOT NULL AUTO_INCREMENT, AUTO_INCREMENT=389;

--
-- AUTO_INCREMENT de la tabla `obras`
--
ALTER TABLE `obras`
  MODIFY `id` bigint UNSIGNED NOT NULL AUTO_INCREMENT, AUTO_INCREMENT=8;

--
-- AUTO_INCREMENT de la tabla `obra_herramientas`
--
ALTER TABLE `obra_herramientas`
  MODIFY `id` bigint UNSIGNED NOT NULL AUTO_INCREMENT, AUTO_INCREMENT=12;

--
-- AUTO_INCREMENT de la tabla `obra_herramienta_usos`
--
ALTER TABLE `obra_herramienta_usos`
  MODIFY `id` bigint UNSIGNED NOT NULL AUTO_INCREMENT, AUTO_INCREMENT=3;

--
-- AUTO_INCREMENT de la tabla `obra_personals`
--
ALTER TABLE `obra_personals`
  MODIFY `id` bigint UNSIGNED NOT NULL AUTO_INCREMENT, AUTO_INCREMENT=9;

--
-- AUTO_INCREMENT de la tabla `personals`
--
ALTER TABLE `personals`
  MODIFY `id` bigint UNSIGNED NOT NULL AUTO_INCREMENT, AUTO_INCREMENT=7;

--
-- AUTO_INCREMENT de la tabla `razon_socials`
--
ALTER TABLE `razon_socials`
  MODIFY `id` bigint UNSIGNED NOT NULL AUTO_INCREMENT, AUTO_INCREMENT=2;

--
-- AUTO_INCREMENT de la tabla `solicitud_herramientas`
--
ALTER TABLE `solicitud_herramientas`
  MODIFY `id` bigint UNSIGNED NOT NULL AUTO_INCREMENT, AUTO_INCREMENT=9;

--
-- AUTO_INCREMENT de la tabla `solicitud_materials`
--
ALTER TABLE `solicitud_materials`
  MODIFY `id` bigint UNSIGNED NOT NULL AUTO_INCREMENT, AUTO_INCREMENT=21;

--
-- AUTO_INCREMENT de la tabla `solicitud_notas`
--
ALTER TABLE `solicitud_notas`
  MODIFY `id` bigint UNSIGNED NOT NULL AUTO_INCREMENT;

--
-- AUTO_INCREMENT de la tabla `solicitud_obras`
--
ALTER TABLE `solicitud_obras`
  MODIFY `id` bigint UNSIGNED NOT NULL AUTO_INCREMENT, AUTO_INCREMENT=7;

--
-- AUTO_INCREMENT de la tabla `solicitud_personals`
--
ALTER TABLE `solicitud_personals`
  MODIFY `id` bigint UNSIGNED NOT NULL AUTO_INCREMENT, AUTO_INCREMENT=12;

--
-- AUTO_INCREMENT de la tabla `users`
--
ALTER TABLE `users`
  MODIFY `id` bigint UNSIGNED NOT NULL AUTO_INCREMENT, AUTO_INCREMENT=11;

--
-- Restricciones para tablas volcadas
--

--
-- Filtros para la tabla `datos_usuarios`
--
ALTER TABLE `datos_usuarios`
  ADD CONSTRAINT `datos_usuarios_user_id_foreign` FOREIGN KEY (`user_id`) REFERENCES `users` (`id`);

--
-- Filtros para la tabla `ingreso_salidas`
--
ALTER TABLE `ingreso_salidas`
  ADD CONSTRAINT `ingreso_salidas_mo_id_foreign` FOREIGN KEY (`mo_id`) REFERENCES `material_obras` (`id`);

--
-- Filtros para la tabla `material_obras`
--
ALTER TABLE `material_obras`
  ADD CONSTRAINT `material_obras_material_id_foreign` FOREIGN KEY (`material_id`) REFERENCES `materials` (`id`),
  ADD CONSTRAINT `material_obras_obra_id_foreign` FOREIGN KEY (`obra_id`) REFERENCES `obras` (`id`);

--
-- Filtros para la tabla `nota_obras`
--
ALTER TABLE `nota_obras`
  ADD CONSTRAINT `nota_obras_obra_id_foreign` FOREIGN KEY (`obra_id`) REFERENCES `obras` (`id`);

--
-- Filtros para la tabla `notificacion_users`
--
ALTER TABLE `notificacion_users`
  ADD CONSTRAINT `notificacion_users_notificacion_id_foreign` FOREIGN KEY (`notificacion_id`) REFERENCES `notificacions` (`id`),
  ADD CONSTRAINT `notificacion_users_user_id_foreign` FOREIGN KEY (`user_id`) REFERENCES `users` (`id`);

--
-- Filtros para la tabla `obra_herramientas`
--
ALTER TABLE `obra_herramientas`
  ADD CONSTRAINT `obra_herramientas_obra_id_foreign` FOREIGN KEY (`obra_id`) REFERENCES `obras` (`id`);

--
-- Filtros para la tabla `obra_personals`
--
ALTER TABLE `obra_personals`
  ADD CONSTRAINT `obra_personals_obra_id_foreign` FOREIGN KEY (`obra_id`) REFERENCES `obras` (`id`),
  ADD CONSTRAINT `obra_personals_personal_id_foreign` FOREIGN KEY (`personal_id`) REFERENCES `personals` (`id`);

--
-- Filtros para la tabla `solicitud_herramientas`
--
ALTER TABLE `solicitud_herramientas`
  ADD CONSTRAINT `solicitud_herramientas_herramienta_id_foreign` FOREIGN KEY (`herramienta_id`) REFERENCES `herramientas` (`id`),
  ADD CONSTRAINT `solicitud_herramientas_solicitud_obra_id_foreign` FOREIGN KEY (`solicitud_obra_id`) REFERENCES `solicitud_obras` (`id`);

--
-- Filtros para la tabla `solicitud_materials`
--
ALTER TABLE `solicitud_materials`
  ADD CONSTRAINT `solicitud_materials_material_id_foreign` FOREIGN KEY (`material_id`) REFERENCES `materials` (`id`),
  ADD CONSTRAINT `solicitud_materials_solicitud_obra_id_foreign` FOREIGN KEY (`solicitud_obra_id`) REFERENCES `solicitud_obras` (`id`);

--
-- Filtros para la tabla `solicitud_notas`
--
ALTER TABLE `solicitud_notas`
  ADD CONSTRAINT `solicitud_notas_solicitud_obra_id_foreign` FOREIGN KEY (`solicitud_obra_id`) REFERENCES `solicitud_obras` (`id`);

--
-- Filtros para la tabla `solicitud_personals`
--
ALTER TABLE `solicitud_personals`
  ADD CONSTRAINT `solicitud_personals_personal_id_foreign` FOREIGN KEY (`personal_id`) REFERENCES `personals` (`id`),
  ADD CONSTRAINT `solicitud_personals_solicitud_obra_id_foreign` FOREIGN KEY (`solicitud_obra_id`) REFERENCES `solicitud_obras` (`id`);
COMMIT;

/*!40101 SET CHARACTER_SET_CLIENT=@OLD_CHARACTER_SET_CLIENT */;
/*!40101 SET CHARACTER_SET_RESULTS=@OLD_CHARACTER_SET_RESULTS */;
/*!40101 SET COLLATION_CONNECTION=@OLD_COLLATION_CONNECTION */;
